FIPS,State,County,PCT_DIABETES_ADULTS,PCT_OBESE_ADULTS
1001,AL,Autauga,13,34.1
1003,AL,Baldwin,10.4,27.4
1005,AL,Barbour,18.4,44.4
1007,AL,Bibb,14.8,40.3
1009,AL,Blount,14.1,34.6
1011,AL,Bullock,19.6,43
1013,AL,Butler,17.7,36.3
1015,AL,Calhoun,14.9,32.2
1017,AL,Chambers,16.4,39.7
1019,AL,Cherokee,13.3,33.6
1021,AL,Chilton,13.3,35.9
1023,AL,Choctaw,18.1,40.8
1025,AL,Clarke,16.3,38.2
1027,AL,Clay,14.6,37.3
1029,AL,Cleburne,12.6,30
1031,AL,Coffee,15.9,33.7
1033,AL,Colbert,18.7,37.5
1035,AL,Conecuh,17.4,36.4
1037,AL,Coosa,17.3,39.7
1039,AL,Covington,14.7,34
1041,AL,Crenshaw,16.5,39.7
1043,AL,Cullman,14.4,33.4
1045,AL,Dale,14.1,36.5
1047,AL,Dallas,19,40.8
1049,AL,DeKalb,13.4,30.4
1051,AL,Elmore,13.4,35.4
1053,AL,Escambia,17.8,37.7
1055,AL,Etowah,16.8,35.1
1057,AL,Fayette,15.1,33.7
1059,AL,Franklin,13.9,33.2
1061,AL,Geneva,13.9,34.1
1063,AL,Greene,21,46.3
1065,AL,Hale,16,40.4
1067,AL,Henry,18.7,35.8
1069,AL,Houston,13.7,32.8
1071,AL,Jackson,14.9,32
1073,AL,Jefferson,13,33.2
1075,AL,Lamar,14.9,33.6
1077,AL,Lauderdale,14.2,32.9
1079,AL,Lawrence,15.6,35.5
1081,AL,Lee,9.5,29
1083,AL,Limestone,12.6,32.9
1085,AL,Lowndes,23.5,45.1
1087,AL,Macon,18.4,44.7
1089,AL,Madison,11.5,32.3
1091,AL,Marengo,20.2,40.3
1093,AL,Marion,18.7,35.5
1095,AL,Marshall,12.8,33.2
1097,AL,Mobile,15.6,37.1
1099,AL,Monroe,17.8,35.3
1101,AL,Montgomery,13.5,34.8
1103,AL,Morgan,12.6,31.6
1105,AL,Perry,21.7,43
1107,AL,Pickens,16.4,36.4
1109,AL,Pike,13.5,38.4
1111,AL,Randolph,14.9,30.9
1113,AL,Russell,12.9,36.4
1115,AL,St. Clair,12.8,33
1117,AL,Shelby,8.7,30.1
1119,AL,Sumter,20.1,40.3
1121,AL,Talladega,15.3,39
1123,AL,Tallapoosa,13.7,36.9
1125,AL,Tuscaloosa,12.3,34.3
1127,AL,Walker,16.7,33.2
1129,AL,Washington,17.8,40.2
1131,AL,Wilcox,19.3,44.9
1133,AL,Winston,13.2,30.2
2013,AK,Aleutians East,7.6,33.4
2016,AK,Aleutians West,6.2,39.4
2020,AK,Anchorage,7,27
2050,AK,Bethel,5.8,30.3
2060,AK,Bristol Bay,8.5,39.7
2068,AK,Denali,5.8,27
2070,AK,Dillingham,7.2,38
2090,AK,Fairbanks North Star,5.5,28.1
2100,AK,Haines,7.9,25.5
2105,AK,Hoonah-Angoon,7.3,31.8
2110,AK,Juneau,5.9,28.6
2122,AK,Kenai Peninsula,7.2,28.4
2130,AK,Ketchikan Gateway,8.9,30.8
2150,AK,Kodiak Island,6.6,30.2
2164,AK,Lake and Peninsula,7.4,31.9
2170,AK,Matanuska-Susitna,8.2,30.2
2180,AK,Nome,6,31.7
2185,AK,North Slope,6.5,36.5
2188,AK,Northwest Arctic,6.5,32.4
2195,AK,Petersburg,7.1,30.5
2198,AK,Prince of Wales-Hyder,7.3,35.2
2220,AK,Sitka,6.7,28.7
2230,AK,Skagway,6.4,28.1
2240,AK,Southeast Fairbanks,6.9,33.1
2261,AK,Valdez-Cordova,7.4,30.4
2270,AK,Wade Hampton,4.6,32.6
2275,AK,Wrangell,8.9,30.6
2282,AK,Yakutat,7.9,31.3
2290,AK,Yukon-Koyukuk,8.3,28.3
4001,AZ,Apache,14.4,35.2
4003,AZ,Cochise,10.3,26
4005,AZ,Coconino,7.6,23.2
4007,AZ,Gila,11.2,27.5
4009,AZ,Graham,10.3,32.5
4011,AZ,Greenlee,10.7,34.7
4012,AZ,La Paz,14.8,32
4013,AZ,Maricopa,9,25.4
4015,AZ,Mohave,12.8,29.6
4017,AZ,Navajo,13.1,30.9
4019,AZ,Pima,8.8,24.2
4021,AZ,Pinal,12.3,31.6
4023,AZ,Santa Cruz,8,23
4025,AZ,Yavapai,10.5,25.3
4027,AZ,Yuma,12.6,30.5
5001,AR,Arkansas,12.9,33.8
5003,AR,Ashley,14.5,42.1
5005,AR,Baxter,16,32.3
5007,AR,Benton,9.6,30.1
5009,AR,Boone,12.4,33.9
5011,AR,Bradley,13.1,39
5013,AR,Calhoun,13.7,34.2
5015,AR,Carroll,13,35.8
5017,AR,Chicot,15.2,43.1
5019,AR,Clark,11.6,34.3
5021,AR,Clay,11.1,33.7
5023,AR,Cleburne,13.5,31.8
5025,AR,Cleveland,13,35.7
5027,AR,Columbia,12.9,36.4
5029,AR,Conway,13.7,39.7
5031,AR,Craighead,13.1,36.4
5033,AR,Crawford,11.4,35.1
5035,AR,Crittenden,15.8,38.8
5037,AR,Cross,13.6,37.9
5039,AR,Dallas,14.4,36.2
5041,AR,Desha,15.1,39.6
5043,AR,Drew,13.6,34.3
5045,AR,Faulkner,11.2,33.2
5047,AR,Franklin,13.8,37.1
5049,AR,Fulton,15.6,32.9
5051,AR,Garland,14.5,32.3
5053,AR,Grant,11.1,38.3
5055,AR,Greene,12.9,31.2
5057,AR,Hempstead,13.5,40.3
5059,AR,Hot Spring,12.2,34.7
5061,AR,Howard,13.4,35.7
5063,AR,Independence,13.1,37.2
5065,AR,Izard,15.5,33.9
5067,AR,Jackson,12.9,37.2
5069,AR,Jefferson,15.4,40.7
5071,AR,Johnson,12.5,36.4
5073,AR,Lafayette,15.3,36.3
5075,AR,Lawrence,13.2,31.8
5077,AR,Lee,13.1,35.7
5079,AR,Lincoln,12.3,37.5
5081,AR,Little River,12.9,32.7
5083,AR,Logan,13.8,37.5
5085,AR,Lonoke,13.1,35.8
5087,AR,Madison,11.8,34
5089,AR,Marion,12.2,31.7
5091,AR,Miller,12.3,35.9
5093,AR,Mississippi,15.9,39.8
5095,AR,Monroe,17.2,37.5
5097,AR,Montgomery,14.3,33.8
5099,AR,Nevada,13.9,36
5101,AR,Newton,12.8,34.2
5103,AR,Ouachita,14.8,34.8
5105,AR,Perry,12.2,37.5
5107,AR,Phillips,16.7,45.5
5109,AR,Pike,12.4,37.8
5111,AR,Poinsett,13.8,38.4
5113,AR,Polk,13.9,36.7
5115,AR,Pope,11.2,32.1
5117,AR,Prairie,14.3,36.3
5119,AR,Pulaski,12,31.7
5121,AR,Randolph,12.7,35.3
5123,AR,St. Francis,16.4,42.5
5125,AR,Saline,11.8,32.5
5127,AR,Scott,11.4,32.5
5129,AR,Searcy,13.4,35
5131,AR,Sebastian,12.9,36.9
5133,AR,Sevier,12.2,36.7
5135,AR,Sharp,15.2,37.3
5137,AR,Stone,12.7,32.6
5139,AR,Union,13.5,39.4
5141,AR,Van Buren,12.9,35.6
5143,AR,Washington,9.1,30.6
5145,AR,White,10.1,36.3
5147,AR,Woodruff,14.7,35.8
5149,AR,Yell,12.9,37.1
6001,CA,Alameda,8.5,20
6003,CA,Alpine,10.3,23.4
6005,CA,Amador,10.2,25.5
6007,CA,Butte,10.2,25.9
6009,CA,Calaveras,10,23.5
6011,CA,Colusa,9.6,25.4
6013,CA,Contra Costa,9.4,25
6015,CA,Del Norte,8.4,25.5
6017,CA,El Dorado,7.5,20.6
6019,CA,Fresno,9.4,26.6
6021,CA,Glenn,8.4,26.7
6023,CA,Humboldt,8.8,25.5
6025,CA,Imperial,8.3,26.3
6027,CA,Inyo,9.4,23.3
6029,CA,Kern,9.3,30.3
6031,CA,Kings,7.5,26.4
6033,CA,Lake,10.1,26.2
6035,CA,Lassen,7.6,23.9
6037,CA,Los Angeles,9.1,21.4
6039,CA,Madera,7.9,26.5
6041,CA,Marin,7.9,18.9
6043,CA,Mariposa,10.7,24.4
6045,CA,Mendocino,8.4,22.4
6047,CA,Merced,9.2,29.5
6049,CA,Modoc,10.4,23.2
6051,CA,Mono,7.4,22.8
6053,CA,Monterey,7.6,22.3
6055,CA,Napa,8.4,23.7
6057,CA,Nevada,7.7,21.1
6059,CA,Orange,8,19.7
6061,CA,Placer,9,21.7
6063,CA,Plumas,9.8,23
6065,CA,Riverside,9,26
6067,CA,Sacramento,8.4,27.4
6069,CA,San Benito,7.6,23.3
6071,CA,San Bernardino,9.2,27.9
6073,CA,San Diego,7.7,19.1
6075,CA,San Francisco,7.9,16.1
6077,CA,San Joaquin,10.3,28.3
6079,CA,San Luis Obispo,8.5,24.5
6081,CA,San Mateo,8.3,21.1
6083,CA,Santa Barbara,7.1,18.2
6085,CA,Santa Clara,8.4,19.5
6087,CA,Santa Cruz,7,20.2
6089,CA,Shasta,9.4,26.5
6091,CA,Sierra,9.6,22.5
6093,CA,Siskiyou,8.6,23.2
6095,CA,Solano,9.8,30.1
6097,CA,Sonoma,7.9,20.9
6099,CA,Stanislaus,9.7,32.6
6101,CA,Sutter,8.6,28.7
6103,CA,Tehama,11.2,27.2
6105,CA,Trinity,10.1,25.1
6107,CA,Tulare,8,32.6
6109,CA,Tuolumne,10.1,20.2
6111,CA,Ventura,7.6,20.3
6113,CA,Yolo,6.9,22.7
6115,CA,Yuba,7.6,24.8
8001,CO,Adams,7.2,26.3
8003,CO,Alamosa,6.7,23
8005,CO,Arapahoe,6.3,21.4
8007,CO,Archuleta,5.9,16.5
8009,CO,Baca,7.6,19.4
8011,CO,Bent,7,26.5
8013,CO,Boulder,4.1,13.4
8014,CO,Broomfield,5.5,17.6
8015,CO,Chaffee,6.4,20.5
8017,CO,Cheyenne,6.5,23.7
8019,CO,Clear Creek,7.9,18.1
8021,CO,Conejos,6,24.5
8023,CO,Costilla,8.3,21.9
8025,CO,Crowley,6,21.6
8027,CO,Custer,6.8,20.5
8029,CO,Delta,7.6,20.4
8031,CO,Denver,6,16.4
8033,CO,Dolores,7.5,19.8
8035,CO,Douglas,5.3,17
8037,CO,Eagle,3.3,11.8
8039,CO,Elbert,5.2,19.6
8041,CO,El Paso,7,22.3
8043,CO,Fremont,8.1,22.8
8045,CO,Garfield,4.7,20
8047,CO,Gilpin,6.3,19.7
8049,CO,Grand,5.6,17.4
8051,CO,Gunnison,4.6,14.8
8053,CO,Hinsdale,6.6,20.5
8055,CO,Huerfano,7.6,20.1
8057,CO,Jackson,6.6,21.4
8059,CO,Jefferson,5.4,18.3
8061,CO,Kiowa,7.7,19.5
8063,CO,Kit Carson,7.3,27.6
8065,CO,Lake,5.4,17.5
8067,CO,La Plata,4.8,16.3
8069,CO,Larimer,5.2,18.7
8071,CO,Las Animas,7.7,21
8073,CO,Lincoln,7.6,23.8
8075,CO,Logan,7,25.4
8077,CO,Mesa,7.2,23.5
8079,CO,Mineral,6.8,18.1
8081,CO,Moffat,6.3,25.8
8083,CO,Montezuma,6.5,21.7
8085,CO,Montrose,8.1,19.7
8087,CO,Morgan,7.4,26.9
8089,CO,Otero,6.8,26.9
8091,CO,Ouray,6.7,18.6
8093,CO,Park,6.7,20.5
8095,CO,Phillips,7.8,22.8
8097,CO,Pitkin,5.1,14.9
8099,CO,Prowers,8.4,26.1
8101,CO,Pueblo,9.1,25.9
8103,CO,Rio Blanco,6,22.6
8105,CO,Rio Grande,6.9,23.2
8107,CO,Routt,4.1,14.3
8109,CO,Saguache,7,19.7
8111,CO,San Juan,6.7,19.3
8113,CO,San Miguel,5,16.7
8115,CO,Sedgwick,8,22.1
8117,CO,Summit,4.1,13.1
8119,CO,Teller,6.9,20.3
8121,CO,Washington,6.5,23.2
8123,CO,Weld,6.4,26
8125,CO,Yuma,6.1,24.8
9001,CT,Fairfield,7.6,21.4
9003,CT,Hartford,9.6,26.8
9005,CT,Litchfield,6.7,23.9
9007,CT,Middlesex,8.4,24.1
9009,CT,New Haven,9,26.5
9011,CT,New London,9.2,27.6
9013,CT,Tolland,7.2,24.8
9015,CT,Windham,10.1,29.6
10001,DE,Kent,12.8,32.8
10003,DE,New Castle,9,27.7
10005,DE,Sussex,13.2,31
11001,DC,District of Columbia,8.1,22.4
12001,FL,Alachua,8.3,25.6
12003,FL,Baker,13,35.8
12005,FL,Bay,11.2,29.9
12007,FL,Bradford,14.4,35.9
12009,FL,Brevard,11.7,25.6
12011,FL,Broward,9.5,24.4
12013,FL,Calhoun,15.5,39.4
12015,FL,Charlotte,14.1,25.7
12017,FL,Citrus,14.6,26.3
12019,FL,Clay,12,29.7
12021,FL,Collier,8.6,19.5
12023,FL,Columbia,12.7,36.3
12027,FL,DeSoto,13.7,36
12029,FL,Dixie,14,30.6
12031,FL,Duval,11.2,30.6
12033,FL,Escambia,12.4,28.9
12035,FL,Flagler,12.4,24.2
12037,FL,Franklin,11,32.2
12039,FL,Gadsden,17.1,36.5
12041,FL,Gilchrist,8.4,31.5
12043,FL,Glades,13.8,33.1
12045,FL,Gulf,11.1,30.9
12047,FL,Hamilton,13,33.2
12049,FL,Hardee,12.6,33.9
12051,FL,Hendry,13.7,35.2
12053,FL,Hernando,13.4,32.1
12055,FL,Highlands,14.2,31
12057,FL,Hillsborough,10.4,28.3
12059,FL,Holmes,14.2,31.6
12061,FL,Indian River,11.4,24.5
12063,FL,Jackson,12.4,34.7
12065,FL,Jefferson,11.7,32.2
12067,FL,Lafayette,13.2,35.3
12069,FL,Lake,14.7,29.3
12071,FL,Lee,9.9,24.6
12073,FL,Leon,8.3,26.4
12075,FL,Levy,14.1,32.2
12077,FL,Liberty,13.4,39.6
12079,FL,Madison,15.6,34.1
12081,FL,Manatee,10.6,25.3
12083,FL,Marion,12.6,29.2
12085,FL,Martin,11.3,21.3
12086,FL,Miami-Dade,7.9,21
12087,FL,Monroe,8.6,22
12089,FL,Nassau,10.8,28.6
12091,FL,Okaloosa,9.7,26.4
12093,FL,Okeechobee,11.6,31
12095,FL,Orange,8.8,24.9
12097,FL,Osceola,12,29.1
12099,FL,Palm Beach,10.5,21.5
12101,FL,Pasco,12.2,31.1
12103,FL,Pinellas,10.8,25.5
12105,FL,Polk,14.3,32.3
12107,FL,Putnam,12.2,36.1
12109,FL,St. Johns,9,21.9
12111,FL,St. Lucie,11.5,27.9
12113,FL,Santa Rosa,9,26.1
12115,FL,Sarasota,11.1,20.6
12117,FL,Seminole,10,24.6
12119,FL,Sumter,14.9,26.9
12121,FL,Suwannee,13.5,33.3
12123,FL,Taylor,15.4,38.9
12125,FL,Union,12.5,37.1
12127,FL,Volusia,12.4,26
12129,FL,Wakulla,11.7,36.4
12131,FL,Walton,11.6,27.5
12133,FL,Washington,12.9,38.5
13001,GA,Appling,12.9,34.8
13003,GA,Atkinson,11.5,35.3
13005,GA,Bacon,10.4,32.7
13007,GA,Baker,14.8,30
13009,GA,Baldwin,14,36.8
13011,GA,Banks,11.1,27
13013,GA,Barrow,11.3,34.6
13015,GA,Bartow,12.1,35.2
13017,GA,Ben Hill,12.4,35.3
13019,GA,Berrien,14.2,34.7
13021,GA,Bibb,12.7,31.3
13023,GA,Bleckley,13.6,30.4
13025,GA,Brantley,10.9,33.1
13027,GA,Brooks,14.5,33.5
13029,GA,Bryan,12.3,29.3
13031,GA,Bulloch,12,33.5
13033,GA,Burke,14.7,32
13035,GA,Butts,11.7,28.7
13037,GA,Calhoun,14.4,34.4
13039,GA,Camden,10.9,31.5
13043,GA,Candler,13.7,30.3
13045,GA,Carroll,11.3,31.7
13047,GA,Catoosa,12.2,27.8
13049,GA,Charlton,11.6,32
13051,GA,Chatham,11,31.3
13053,GA,Chattahoochee,6.4,27.3
13055,GA,Chattooga,11,34
13057,GA,Cherokee,8.7,26.9
13059,GA,Clarke,8.3,25.3
13061,GA,Clay,17.2,29.8
13063,GA,Clayton,11.6,38
13065,GA,Clinch,12.9,29.6
13067,GA,Cobb,8.5,22.9
13069,GA,Coffee,11.5,34.8
13071,GA,Colquitt,12.8,35.2
13073,GA,Columbia,10.4,30.3
13075,GA,Cook,12.2,31.4
13077,GA,Coweta,10.6,26.8
13079,GA,Crawford,13.1,27.3
13081,GA,Crisp,14.2,31.1
13083,GA,Dade,12.2,32.3
13085,GA,Dawson,10.5,27.7
13087,GA,Decatur,12.1,30
13089,GA,DeKalb,10,27.3
13091,GA,Dodge,13.5,28.5
13093,GA,Dooly,14.8,34.7
13095,GA,Dougherty,12.4,34.4
13097,GA,Douglas,12,32.3
13099,GA,Early,15.6,31.5
13101,GA,Echols,10.9,28.3
13103,GA,Effingham,13.5,35.2
13105,GA,Elbert,13,31.1
13107,GA,Emanuel,11.6,36.3
13109,GA,Evans,13.4,33.5
13111,GA,Fannin,12.2,25.9
13113,GA,Fayette,12.9,31.1
13115,GA,Floyd,13.6,31
13117,GA,Forsyth,10.8,29.4
13119,GA,Franklin,12.4,29.5
13121,GA,Fulton,8.7,23.9
13123,GA,Gilmer,12.4,29.7
13125,GA,Glascock,11.8,28.6
13127,GA,Glynn,11.5,26.2
13129,GA,Gordon,10.2,29.3
13131,GA,Grady,12.1,33
13133,GA,Greene,15.4,29.7
13135,GA,Gwinnett,8.3,29.5
13137,GA,Habersham,11.4,31.7
13139,GA,Hall,10.9,25.7
13141,GA,Hancock,15.8,31.2
13143,GA,Haralson,11.2,27.3
13145,GA,Harris,13.2,28.4
13147,GA,Hart,13.5,29.9
13149,GA,Heard,12,30.2
13151,GA,Henry,13.5,33.1
13153,GA,Houston,13.2,31
13155,GA,Irwin,12.4,29.2
13157,GA,Jackson,11.2,27.4
13159,GA,Jasper,12.6,29.3
13161,GA,Jeff Davis,12.8,30
13163,GA,Jefferson,16.7,35.3
13165,GA,Jenkins,12.1,29.9
13167,GA,Johnson,12.7,34
13169,GA,Jones,12.4,33.5
13171,GA,Lamar,11.7,30.6
13173,GA,Lanier,11.4,33.2
13175,GA,Laurens,14.4,36.2
13177,GA,Lee,10.7,31.2
13179,GA,Liberty,10.4,34.9
13181,GA,Lincoln,14.1,29
13183,GA,Long,9.8,31.4
13185,GA,Lowndes,11.6,31.3
13187,GA,Lumpkin,10.8,30.7
13189,GA,McDuffie,17.4,33.4
13191,GA,McIntosh,15.2,30.9
13193,GA,Macon,13.5,36.4
13195,GA,Madison,13.3,31.9
13197,GA,Marion,14,32.9
13199,GA,Meriwether,14.8,34.6
13201,GA,Miller,13.3,30.3
13205,GA,Mitchell,14.4,33.6
13207,GA,Monroe,14.5,31.9
13209,GA,Montgomery,13.4,36.2
13211,GA,Morgan,11.6,26.5
13213,GA,Murray,12.7,32.5
13215,GA,Muscogee,13.4,28.8
13217,GA,Newton,10.4,32.9
13219,GA,Oconee,9.3,28.8
13221,GA,Oglethorpe,13,30.1
13223,GA,Paulding,11,28.6
13225,GA,Peach,13.6,34.4
13227,GA,Pickens,14.2,26.7
13229,GA,Pierce,11.3,28.5
13231,GA,Pike,11.7,26.2
13233,GA,Polk,10.4,34.5
13235,GA,Pulaski,13.6,31.7
13237,GA,Putnam,12.8,30
13239,GA,Quitman,16.9,34
13241,GA,Rabun,13,29.4
13243,GA,Randolph,16.7,33.7
13245,GA,Richmond,13.5,34.1
13247,GA,Rockdale,13.1,36
13249,GA,Schley,12.6,30.4
13251,GA,Screven,13.6,33
13253,GA,Seminole,14.2,30.7
13255,GA,Spalding,12.9,32.4
13257,GA,Stephens,12.6,30.1
13259,GA,Stewart,13.7,34.2
13261,GA,Sumter,13.8,32.7
13263,GA,Talbot,16.3,33.3
13265,GA,Taliaferro,16.2,31.4
13267,GA,Tattnall,10.2,33.1
13269,GA,Taylor,14.5,28.8
13271,GA,Telfair,12.3,30.9
13273,GA,Terrell,14.9,31.6
13275,GA,Thomas,14,34
13277,GA,Tift,13.2,34
13279,GA,Toombs,13.6,31.5
13281,GA,Towns,12.9,27.4
13283,GA,Treutlen,12.3,32.9
13285,GA,Troup,12.6,30
13287,GA,Turner,14.3,34.6
13289,GA,Twiggs,14.5,32.8
13291,GA,Union,15.9,27.2
13293,GA,Upson,11.9,32
13295,GA,Walker,12.4,32.1
13297,GA,Walton,11.6,34.4
13299,GA,Ware,12.3,35.5
13301,GA,Warren,15.8,32
13303,GA,Washington,13,32.2
13305,GA,Wayne,13.1,31.8
13307,GA,Webster,14.6,32.1
13309,GA,Wheeler,12.1,31.9
13311,GA,White,12.6,28.6
13313,GA,Whitfield,13.2,33.5
13315,GA,Wilcox,11.4,31.5
13317,GA,Wilkes,15.5,32.9
13319,GA,Wilkinson,14.8,34.5
13321,GA,Worth,13.9,36.7
15001,HI,Hawaii,8.1,22.7
15003,HI,Honolulu,8.4,22.3
15005,HI,Kalawao,11.3,21.5
15007,HI,Kauai,8.3,20.6
15009,HI,Maui,7.7,22.4
16001,ID,Ada,7.5,25.4
16003,ID,Adams,11.6,27.6
16005,ID,Bannock,10,28.1
16007,ID,Bear Lake,8.9,28.7
16009,ID,Benewah,9.4,30.1
16011,ID,Bingham,9.9,33.3
16013,ID,Blaine,6.6,19.2
16015,ID,Boise,9.6,22.4
16017,ID,Bonner,7.6,24.7
16019,ID,Bonneville,8.5,29.4
16021,ID,Boundary,11,27.3
16023,ID,Butte,9.5,28.5
16025,ID,Camas,9.4,25.7
16027,ID,Canyon,9.5,33.4
16029,ID,Caribou,10.5,27.5
16031,ID,Cassia,9,30.5
16033,ID,Clark,8.5,31.4
16035,ID,Clearwater,11.1,30.6
16037,ID,Custer,9.4,26.3
16039,ID,Elmore,8.6,29.8
16041,ID,Franklin,7.9,30.7
16043,ID,Fremont,9,28.9
16045,ID,Gem,9.9,28.5
16047,ID,Gooding,9.8,30
16049,ID,Idaho,9.5,25.7
16051,ID,Jefferson,8.8,32.7
16053,ID,Jerome,7.7,33.3
16055,ID,Kootenai,9.6,25
16057,ID,Latah,6.4,24.3
16059,ID,Lemhi,12.1,26.8
16061,ID,Lewis,10.5,29.7
16063,ID,Lincoln,8.3,32.3
16065,ID,Madison,5.5,24.5
16067,ID,Minidoka,10.8,34.2
16069,ID,Nez Perce,11,30.9
16071,ID,Oneida,12.2,31.3
16073,ID,Owyhee,9.5,30.4
16075,ID,Payette,9.2,33.3
16077,ID,Power,8.2,32.1
16079,ID,Shoshone,10.2,31.1
16081,ID,Teton,6,24.1
16083,ID,Twin Falls,8.7,27.6
16085,ID,Valley,8.4,24.1
16087,ID,Washington,11.2,30.3
17001,IL,Adams,10.1,37
17003,IL,Alexander,11.4,28.4
17005,IL,Bond,10,29.6
17007,IL,Boone,9.4,33.7
17009,IL,Brown,8.2,27.6
17011,IL,Bureau,11.3,29.1
17013,IL,Calhoun,11.4,29.1
17015,IL,Carroll,12.2,28.6
17017,IL,Cass,10.6,28
17019,IL,Champaign,7.4,25.1
17021,IL,Christian,10.5,31.7
17023,IL,Clark,11.5,32.7
17025,IL,Clay,10.8,31
17027,IL,Clinton,8.7,29.5
17029,IL,Coles,8.9,26.3
17031,IL,Cook,8.5,25.3
17033,IL,Crawford,10.6,31.3
17035,IL,Cumberland,11.1,27.8
17037,IL,DeKalb,8.3,28.3
17039,IL,De Witt,10.8,30.5
17041,IL,Douglas,10.8,30.5
17043,IL,DuPage,8.1,23
17045,IL,Edgar,10.1,30.3
17047,IL,Edwards,10.5,31.3
17049,IL,Effingham,10.7,31.8
17051,IL,Fayette,10.3,33
17053,IL,Ford,10.6,28.2
17055,IL,Franklin,11.6,30.2
17057,IL,Fulton,11.6,30.7
17059,IL,Gallatin,10.8,28.4
17061,IL,Greene,11.5,28.7
17063,IL,Grundy,8.6,30.4
17065,IL,Hamilton,11.1,28.2
17067,IL,Hancock,11.2,28.6
17069,IL,Hardin,13,30.6
17071,IL,Henderson,11.8,30.4
17073,IL,Henry,11.1,30.5
17075,IL,Iroquois,12.4,33.9
17077,IL,Jackson,9,31.5
17079,IL,Jasper,10.2,30.2
17081,IL,Jefferson,11.1,30.2
17083,IL,Jersey,10.4,33
17085,IL,Jo Daviess,13,29.5
17087,IL,Johnson,10.5,29.4
17089,IL,Kane,7.7,25.3
17091,IL,Kankakee,9.1,30.1
17093,IL,Kendall,8.3,33.7
17095,IL,Knox,9.8,26.2
17097,IL,Lake,8.4,28.4
17099,IL,LaSalle,10.4,27.1
17101,IL,Lawrence,11.7,28.9
17103,IL,Lee,10.1,32.6
17105,IL,Livingston,9.5,29.2
17107,IL,Logan,9.8,29.2
17109,IL,McDonough,9.3,26.8
17111,IL,McHenry,10.1,27.7
17113,IL,McLean,7,29.3
17115,IL,Macon,10,29.7
17117,IL,Macoupin,10.5,31
17119,IL,Madison,10,32.3
17121,IL,Marion,10.5,33.5
17123,IL,Marshall,11.2,29.1
17125,IL,Mason,11.1,31.7
17127,IL,Massac,11.2,30.7
17129,IL,Menard,10.2,28.3
17131,IL,Mercer,11.4,31.2
17133,IL,Monroe,11.4,33.2
17135,IL,Montgomery,10.8,31.3
17137,IL,Morgan,11.3,28.8
17139,IL,Moultrie,10.2,28.6
17141,IL,Ogle,10.4,31.2
17143,IL,Peoria,9.6,28.8
17145,IL,Perry,10.6,29.1
17147,IL,Piatt,10.7,29
17149,IL,Pike,12,32.6
17151,IL,Pope,10.9,29.5
17153,IL,Pulaski,12.1,27.3
17155,IL,Putnam,10.5,29.9
17157,IL,Randolph,10.1,27.7
17159,IL,Richland,11,28.8
17161,IL,Rock Island,10.8,31.7
17163,IL,St. Clair,12.7,33.2
17165,IL,Saline,12,30.1
17167,IL,Sangamon,10.7,28.5
17169,IL,Schuyler,10.6,31.7
17171,IL,Scott,9.9,30.4
17173,IL,Shelby,10.1,30.6
17175,IL,Stark,12.2,30.2
17177,IL,Stephenson,12.5,32.9
17179,IL,Tazewell,9.6,30.6
17181,IL,Union,11.9,28.2
17183,IL,Vermilion,12.7,35.4
17185,IL,Wabash,12.6,32.2
17187,IL,Warren,10.5,30.5
17189,IL,Washington,10.5,28.6
17191,IL,Wayne,10.3,29.2
17193,IL,White,10.6,28.7
17195,IL,Whiteside,10.5,28.7
17197,IL,Will,8.5,28
17199,IL,Williamson,10.5,31.6
17201,IL,Winnebago,11.7,33.9
17203,IL,Woodford,9.6,30.8
18001,IN,Adams,13.9,32.8
18003,IN,Allen,10.3,30.1
18005,IN,Bartholomew,10.5,29.5
18007,IN,Benton,12.1,32.6
18009,IN,Blackford,13.7,36
18011,IN,Boone,10.4,27.8
18013,IN,Brown,12.6,30.6
18015,IN,Carroll,13.4,26.9
18017,IN,Cass,9.8,33.7
18019,IN,Clark,12.4,33.3
18021,IN,Clay,11.9,33.1
18023,IN,Clinton,12.5,30.9
18025,IN,Crawford,13,33
18027,IN,Daviess,12.9,37.6
18029,IN,Dearborn,13.1,32.5
18031,IN,Decatur,14.7,32.7
18033,IN,DeKalb,10,32.8
18035,IN,Delaware,12.5,31.5
18037,IN,Dubois,10.3,29.5
18039,IN,Elkhart,10.2,32.8
18041,IN,Fayette,12.2,33
18043,IN,Floyd,10.2,30.1
18045,IN,Fountain,13.9,29.8
18047,IN,Franklin,11,26.2
18049,IN,Fulton,11.4,37.8
18051,IN,Gibson,13.4,32.1
18053,IN,Grant,14.8,37.3
18055,IN,Greene,13.3,33.1
18057,IN,Hamilton,8.6,25.9
18059,IN,Hancock,12.4,34.8
18061,IN,Harrison,12.8,36
18063,IN,Hendricks,10,31.8
18065,IN,Henry,13.4,36.7
18067,IN,Howard,13.1,31.4
18069,IN,Huntington,12.7,32.6
18071,IN,Jackson,12.4,36.9
18073,IN,Jasper,11.3,29.6
18075,IN,Jay,15,34
18077,IN,Jefferson,12.5,35
18079,IN,Jennings,12.3,33
18081,IN,Johnson,10.7,30.2
18083,IN,Knox,11,32.3
18085,IN,Kosciusko,10.4,33.2
18087,IN,LaGrange,11.2,34.2
18089,IN,Lake,12.2,33.9
18091,IN,LaPorte,10.8,35
18093,IN,Lawrence,15.1,38.2
18095,IN,Madison,12.2,33.4
18097,IN,Marion,10.5,32.4
18099,IN,Marshall,11.1,30.8
18101,IN,Martin,15.6,35.8
18103,IN,Miami,11.6,35.7
18105,IN,Monroe,7.7,22.1
18107,IN,Montgomery,11.8,32.7
18109,IN,Morgan,14,33.2
18111,IN,Newton,11.6,35.3
18113,IN,Noble,11.8,31.8
18115,IN,Ohio,12.4,30.4
18117,IN,Orange,11.6,35.4
18119,IN,Owen,14.1,34
18121,IN,Parke,12.5,33.6
18123,IN,Perry,12.6,32.8
18125,IN,Pike,12.6,36.4
18127,IN,Porter,9.4,31.9
18129,IN,Posey,12.7,29.1
18131,IN,Pulaski,12.2,31.5
18133,IN,Putnam,10,31.5
18135,IN,Randolph,14.2,35.6
18137,IN,Ripley,13.7,32.7
18139,IN,Rush,14,32.6
18141,IN,St. Joseph,9.9,30
18143,IN,Scott,12.7,29.5
18145,IN,Shelby,11.4,33.1
18147,IN,Spencer,10.8,30.5
18149,IN,Starke,13.6,36.1
18151,IN,Steuben,10.4,33.7
18153,IN,Sullivan,13,32.9
18155,IN,Switzerland,13.4,32
18157,IN,Tippecanoe,6.9,26.4
18159,IN,Tipton,10.8,31.1
18161,IN,Union,12.8,30
18163,IN,Vanderburgh,11.9,33.3
18165,IN,Vermillion,14.3,33.1
18167,IN,Vigo,11.5,32.8
18169,IN,Wabash,13.9,31.6
18171,IN,Warren,12.2,32.1
18173,IN,Warrick,10.9,29.4
18175,IN,Washington,10.9,30.6
18177,IN,Wayne,11.5,29.6
18179,IN,Wells,11.8,28.4
18181,IN,White,14.5,34.7
18183,IN,Whitley,10.6,32
19001,IA,Adair,11.6,32.4
19003,IA,Adams,10.1,30.8
19005,IA,Allamakee,9.1,33.6
19007,IA,Appanoose,11.6,35.4
19009,IA,Audubon,11.7,31.2
19011,IA,Benton,10,34.4
19013,IA,Black Hawk,9.5,29.9
19015,IA,Boone,9.1,32.4
19017,IA,Bremer,9.4,32.4
19019,IA,Buchanan,9.5,35.2
19021,IA,Buena Vista,10.1,33
19023,IA,Butler,10,33.8
19025,IA,Calhoun,10.7,32.4
19027,IA,Carroll,8.9,30.7
19029,IA,Cass,10.7,35.2
19031,IA,Cedar,10.6,32.4
19033,IA,Cerro Gordo,10.4,33.2
19035,IA,Cherokee,11.3,37.5
19037,IA,Chickasaw,10.4,32.7
19039,IA,Clarke,10.2,30.5
19041,IA,Clay,9.3,33.8
19043,IA,Clayton,9.2,32.1
19045,IA,Clinton,12.1,33.4
19047,IA,Crawford,11.7,34.2
19049,IA,Dallas,8.4,29.8
19051,IA,Davis,10.6,32.7
19053,IA,Decatur,9.7,33.1
19055,IA,Delaware,10.6,33.9
19057,IA,Des Moines,11.1,31.3
19059,IA,Dickinson,9.6,33.4
19061,IA,Dubuque,9.6,28.5
19063,IA,Emmet,10.7,33.2
19065,IA,Fayette,10.4,37.7
19067,IA,Floyd,12.1,31
19069,IA,Franklin,10.2,32.6
19071,IA,Fremont,9.5,32.9
19073,IA,Greene,10.4,29.6
19075,IA,Grundy,11,31.7
19077,IA,Guthrie,9.4,35.9
19079,IA,Hamilton,10.3,30.6
19081,IA,Hancock,9.9,35.4
19083,IA,Hardin,10.5,34.8
19085,IA,Harrison,11.7,32.3
19087,IA,Henry,11.5,34.6
19089,IA,Howard,10.3,31.1
19091,IA,Humboldt,9.7,31.8
19093,IA,Ida,10.1,28.2
19095,IA,Iowa,8.7,30.7
19097,IA,Jackson,11.7,33.1
19099,IA,Jasper,9.7,32.2
19101,IA,Jefferson,10.6,27.5
19103,IA,Johnson,5.4,23
19105,IA,Jones,10.2,37.6
19107,IA,Keokuk,11,29.9
19109,IA,Kossuth,11,32.7
19111,IA,Lee,11.1,31.9
19113,IA,Linn,10.3,31
19115,IA,Louisa,9.8,37.4
19117,IA,Lucas,11.6,33.8
19119,IA,Lyon,9.3,31.9
19121,IA,Madison,10,34.2
19123,IA,Mahaska,10.1,31.9
19125,IA,Marion,9.8,33.1
19127,IA,Marshall,10.7,34.7
19129,IA,Mills,10.9,34.7
19131,IA,Mitchell,9.7,30.3
19133,IA,Monona,11.8,32.8
19135,IA,Monroe,10.7,32.4
19137,IA,Montgomery,10.5,37.6
19139,IA,Muscatine,9.2,34.2
19141,IA,O'Brien,9.6,31.6
19143,IA,Osceola,11.5,34.4
19145,IA,Page,12,35.3
19147,IA,Palo Alto,10.6,35.7
19149,IA,Plymouth,9.8,32.2
19151,IA,Pocahontas,11.9,31.9
19153,IA,Polk,8.6,29.2
19155,IA,Pottawattamie,11.5,36
19157,IA,Poweshiek,10.5,32.1
19159,IA,Ringgold,11.4,34.9
19161,IA,Sac,10.4,33
19163,IA,Scott,8.7,31.8
19165,IA,Shelby,11,29.4
19167,IA,Sioux,8.9,29
19169,IA,Story,6.7,27.1
19171,IA,Tama,9.9,31.3
19173,IA,Taylor,10.2,30.9
19175,IA,Union,11.8,37.8
19177,IA,Van Buren,9.9,35.7
19179,IA,Wapello,12.8,35.6
19181,IA,Warren,10.4,31.1
19183,IA,Washington,9.4,31.5
19185,IA,Wayne,11.6,33.3
19187,IA,Webster,10,31.1
19189,IA,Winnebago,9.7,28.6
19191,IA,Winneshiek,7.9,25.4
19193,IA,Woodbury,10.1,34.3
19195,IA,Worth,11.9,33.7
19197,IA,Wright,10.7,34.4
20001,KS,Allen,10.9,34.2
20003,KS,Anderson,9.8,33.3
20005,KS,Atchison,8.7,33.1
20007,KS,Barber,9.1,36.7
20009,KS,Barton,9.5,35.4
20011,KS,Bourbon,13,33.9
20013,KS,Brown,11.7,29.6
20015,KS,Butler,9.9,31.9
20017,KS,Chase,11.9,28.3
20019,KS,Chautauqua,12.6,34.1
20021,KS,Cherokee,12.2,37
20023,KS,Cheyenne,13.7,33.5
20025,KS,Clark,11.8,31.2
20027,KS,Clay,14.1,36.2
20029,KS,Cloud,12.6,29.9
20031,KS,Coffey,9.9,30.5
20033,KS,Comanche,11.1,33.6
20035,KS,Cowley,11.2,36
20037,KS,Crawford,11.5,33
20039,KS,Decatur,12.5,36.1
20041,KS,Dickinson,11,31.9
20043,KS,Doniphan,9.7,32.1
20045,KS,Douglas,6.5,24.2
20047,KS,Edwards,10.6,32.9
20049,KS,Elk,12.4,32.5
20051,KS,Ellis,8.9,31.6
20053,KS,Ellsworth,11.7,33.3
20055,KS,Finney,9.5,35.2
20057,KS,Ford,8.7,30.6
20059,KS,Franklin,8.9,33.8
20061,KS,Geary,7.9,32.7
20063,KS,Gove,11.9,30.2
20065,KS,Graham,11.1,28.9
20067,KS,Grant,7.8,35.6
20069,KS,Gray,9.3,36
20071,KS,Greeley,10.7,32.6
20073,KS,Greenwood,12.8,32.7
20075,KS,Hamilton,8.9,37.1
20077,KS,Harper,11,34.2
20079,KS,Harvey,10.3,31
20081,KS,Haskell,9.8,33.9
20083,KS,Hodgeman,13.7,32
20085,KS,Jackson,10.4,33.4
20087,KS,Jefferson,10,29.9
20089,KS,Jewell,13,29.6
20091,KS,Johnson,7.5,24.8
20093,KS,Kearny,9.8,28.7
20095,KS,Kingman,13.5,32.2
20097,KS,Kiowa,10.3,32.8
20099,KS,Labette,11.3,34
20101,KS,Lane,11.8,30.8
20103,KS,Leavenworth,10.3,32.8
20105,KS,Lincoln,10.4,31.2
20107,KS,Linn,12,31.6
20109,KS,Logan,13.5,31.1
20111,KS,Lyon,10.4,34.7
20113,KS,McPherson,9.5,29.2
20115,KS,Marion,9.4,30.9
20117,KS,Marshall,9.5,32.6
20119,KS,Meade,9.5,27
20121,KS,Miami,11,34.1
20123,KS,Mitchell,12.4,32.1
20125,KS,Montgomery,14.3,35.1
20127,KS,Morris,12.3,35.1
20129,KS,Morton,11.1,31.9
20131,KS,Nemaha,8.9,30.4
20133,KS,Neosho,12.2,33.5
20135,KS,Ness,10.8,31.1
20137,KS,Norton,10.7,32.4
20139,KS,Osage,11.5,37.1
20141,KS,Osborne,12.1,33.2
20143,KS,Ottawa,12.1,37.9
20145,KS,Pawnee,12.8,30.3
20147,KS,Phillips,11.2,28.8
20149,KS,Pottawatomie,10.5,31.3
20151,KS,Pratt,11.7,33.8
20153,KS,Rawlins,12.3,32.3
20155,KS,Reno,11.9,35.7
20157,KS,Republic,10.8,30.9
20159,KS,Rice,11.3,32.6
20161,KS,Riley,5.6,23.8
20163,KS,Rooks,10.5,32.8
20165,KS,Rush,11.2,32.6
20167,KS,Russell,11.6,30.4
20169,KS,Saline,11.3,35.1
20171,KS,Scott,9.7,32.1
20173,KS,Sedgwick,10.8,31.4
20175,KS,Seward,8.3,38.6
20177,KS,Shawnee,10.7,32.9
20179,KS,Sheridan,11.8,31.5
20181,KS,Sherman,9.4,29.9
20183,KS,Smith,10.6,34.1
20185,KS,Stafford,11.9,32.5
20187,KS,Stanton,11.1,31.3
20189,KS,Stevens,10,34.8
20191,KS,Sumner,11.1,31.1
20193,KS,Thomas,8.7,35
20195,KS,Trego,11.1,29.7
20197,KS,Wabaunsee,9.7,30.9
20199,KS,Wallace,11.7,33.1
20201,KS,Washington,12.7,30.7
20203,KS,Wichita,10.8,29.4
20205,KS,Wilson,13.6,32.9
20207,KS,Woodson,11.7,33.4
20209,KS,Wyandotte,11.9,36.2
21001,KY,Adair,15.1,34.3
21003,KY,Allen,13.7,33.9
21005,KY,Anderson,12.2,34.6
21007,KY,Ballard,13.2,34.2
21009,KY,Barren,13.4,31
21011,KY,Bath,14.1,30.4
21013,KY,Bell,14.6,37.9
21015,KY,Boone,11.9,32.5
21017,KY,Bourbon,13.8,34.1
21019,KY,Boyd,15.7,38.5
21021,KY,Boyle,11.2,32.2
21023,KY,Bracken,14.6,32.4
21025,KY,Breathitt,15.7,41.6
21027,KY,Breckinridge,14.8,36.6
21029,KY,Bullitt,13.2,32.8
21031,KY,Butler,14.1,33.2
21033,KY,Caldwell,12.6,35
21035,KY,Calloway,10.3,30.1
21037,KY,Campbell,10.9,31.6
21039,KY,Carlisle,13.1,33.4
21041,KY,Carroll,12.5,35.3
21043,KY,Carter,14.3,38.9
21045,KY,Casey,14.4,36.4
21047,KY,Christian,10.8,36.5
21049,KY,Clark,12.4,30.6
21051,KY,Clay,14.1,38
21053,KY,Clinton,12.7,34.9
21055,KY,Crittenden,13.9,33.8
21057,KY,Cumberland,13.6,31.8
21059,KY,Daviess,11.3,30.4
21061,KY,Edmonson,16.1,31.2
21063,KY,Elliott,13.2,33.7
21065,KY,Estill,14.6,35.1
21067,KY,Fayette,9,27.3
21069,KY,Fleming,13.5,34.5
21071,KY,Floyd,13.4,37.6
21073,KY,Franklin,13.4,33.2
21075,KY,Fulton,14.6,32
21077,KY,Gallatin,12.6,35.8
21079,KY,Garrard,12.8,30.5
21081,KY,Grant,12.7,36.3
21083,KY,Graves,10.7,30.1
21085,KY,Grayson,14.7,36.5
21087,KY,Green,13.3,38.1
21089,KY,Greenup,14.4,39.8
21091,KY,Hancock,13.9,34.5
21093,KY,Hardin,11.6,32.9
21095,KY,Harlan,16.9,36.5
21097,KY,Harrison,13.1,30.1
21099,KY,Hart,13.1,37.1
21101,KY,Henderson,14,32.6
21103,KY,Henry,11.4,31.6
21105,KY,Hickman,14.1,35.2
21107,KY,Hopkins,13.3,35
21109,KY,Jackson,13.7,37.5
21111,KY,Jefferson,11.9,31.6
21113,KY,Jessamine,9.3,31.5
21115,KY,Johnson,15.3,37.2
21117,KY,Kenton,10.8,28.5
21119,KY,Knott,16.1,40.2
21121,KY,Knox,16.2,39.3
21123,KY,Larue,13.7,33.6
21125,KY,Laurel,14.2,37.8
21127,KY,Lawrence,17.7,42.2
21129,KY,Lee,16,33.9
21131,KY,Leslie,16,43.2
21133,KY,Letcher,17.5,38.6
21135,KY,Lewis,14.6,38.3
21137,KY,Lincoln,12.3,30.8
21139,KY,Livingston,12.3,29.7
21141,KY,Logan,11.8,35.2
21143,KY,Lyon,14.3,33.3
21145,KY,McCracken,11.5,33.7
21147,KY,McCreary,15.6,34.3
21149,KY,McLean,17.5,36.8
21151,KY,Madison,10.5,32.2
21153,KY,Magoffin,13.4,33.7
21155,KY,Marion,11.1,30.6
21157,KY,Marshall,11.1,34.1
21159,KY,Martin,13.9,39.3
21161,KY,Mason,13,30.1
21163,KY,Meade,11.6,35.9
21165,KY,Menifee,12.3,33.3
21167,KY,Mercer,12.2,35.8
21169,KY,Metcalfe,15.7,33.8
21171,KY,Monroe,13.3,29.9
21173,KY,Montgomery,13.3,32.2
21175,KY,Morgan,14.7,35.5
21177,KY,Muhlenberg,12.4,37.8
21179,KY,Nelson,11.3,32.4
21181,KY,Nicholas,12.5,32.5
21183,KY,Ohio,16,37.2
21185,KY,Oldham,10.3,28
21187,KY,Owen,11.4,30
21189,KY,Owsley,13.1,33.6
21191,KY,Pendleton,15,32.4
21193,KY,Perry,14.5,37
21195,KY,Pike,16.1,38.9
21197,KY,Powell,13.4,36.3
21199,KY,Pulaski,13.4,33.6
21201,KY,Robertson,13.7,34.6
21203,KY,Rockcastle,13.2,36
21205,KY,Rowan,11.1,34.4
21207,KY,Russell,12.2,34.6
21209,KY,Scott,10.6,29.4
21211,KY,Shelby,11.6,33
21213,KY,Simpson,11.6,35.4
21215,KY,Spencer,12.3,30.3
21217,KY,Taylor,14,35.4
21219,KY,Todd,12.2,33.7
21221,KY,Trigg,13.8,33.4
21223,KY,Trimble,12.8,34
21225,KY,Union,11.6,30.7
21227,KY,Warren,9.2,31.6
21229,KY,Washington,13.2,32.9
21231,KY,Wayne,14.2,37.1
21233,KY,Webster,13.9,35.6
21235,KY,Whitley,13.5,36.3
21237,KY,Wolfe,12.6,32.3
21239,KY,Woodford,12.4,29.5
22001,LA,Acadia,12.9,33.1
22003,LA,Allen,11.2,34.4
22005,LA,Ascension,11,31.3
22007,LA,Assumption,14.4,34.8
22009,LA,Avoyelles,14.2,37
22011,LA,Beauregard,12.6,35.8
22013,LA,Bienville,14,38.2
22015,LA,Bossier,12,34.7
22017,LA,Caddo,12,34.3
22019,LA,Calcasieu,11.6,32.3
22021,LA,Caldwell,12.1,36.3
22023,LA,Cameron,11.7,31.5
22025,LA,Catahoula,11,35.3
22027,LA,Claiborne,12,37
22029,LA,Concordia,14.5,38.3
22031,LA,De Soto,14.1,38.9
22033,LA,East Baton Rouge,11.6,32.9
22035,LA,East Carroll,16.3,42.1
22037,LA,East Feliciana,17.2,42.1
22039,LA,Evangeline,12.3,41.9
22041,LA,Franklin,13.5,38
22043,LA,Grant,12,33.8
22045,LA,Iberia,12.9,36.1
22047,LA,Iberville,12.7,39.7
22049,LA,Jackson,13.6,34.8
22051,LA,Jefferson,11.6,35.4
22053,LA,Jefferson Davis,13.2,36.3
22055,LA,Lafayette,10.1,31.1
22057,LA,Lafourche,10.9,36.9
22059,LA,La Salle,12.6,33.2
22061,LA,Lincoln,10.2,37.3
22063,LA,Livingston,12.4,34.4
22065,LA,Madison,11.1,41.8
22067,LA,Morehouse,16,39.4
22069,LA,Natchitoches,13,34.7
22071,LA,Orleans,11.9,31.9
22073,LA,Ouachita,11.8,35.7
22075,LA,Plaquemines,10.6,33.5
22077,LA,Pointe Coupee,11.5,35.3
22079,LA,Rapides,13.2,35.7
22081,LA,Red River,13,40.3
22083,LA,Richland,13.8,37.1
22085,LA,Sabine,14.8,39.1
22087,LA,St. Bernard,13.8,35.5
22089,LA,St. Charles,11.3,35.9
22091,LA,St. Helena,15.8,40.6
22093,LA,St. James,14.6,37
22095,LA,St. John the Baptist,14.4,35.8
22097,LA,St. Landry,13.9,39.6
22099,LA,St. Martin,10.7,34.2
22101,LA,St. Mary,15,38
22103,LA,St. Tammany,9.6,27.8
22105,LA,Tangipahoa,11.9,39.1
22107,LA,Tensas,16.3,34.8
22109,LA,Terrebonne,11.7,39.5
22111,LA,Union,15.6,34.4
22113,LA,Vermilion,10.9,31.2
22115,LA,Vernon,12.3,36.6
22117,LA,Washington,15,37.4
22119,LA,Webster,12.9,35.8
22121,LA,West Baton Rouge,14.2,40.2
22123,LA,West Carroll,15.5,36
22125,LA,West Feliciana,12.2,34.5
22127,LA,Winn,12.5,37.7
23001,ME,Androscoggin,11.2,33.2
23003,ME,Aroostook,13.3,34.1
23005,ME,Cumberland,7.9,22.7
23007,ME,Franklin,9.4,30.2
23009,ME,Hancock,8.5,24.3
23011,ME,Kennebec,10.8,30.9
23013,ME,Knox,7.5,23.1
23015,ME,Lincoln,9,24.6
23017,ME,Oxford,10.9,31.4
23019,ME,Penobscot,10.5,30.3
23021,ME,Piscataquis,12.3,33.3
23023,ME,Sagadahoc,9.4,25.1
23025,ME,Somerset,11.5,35
23027,ME,Waldo,9.8,28.3
23029,ME,Washington,11.4,28.5
23031,ME,York,9.7,27.6
24001,MD,Allegany,12.8,32.3
24003,MD,Anne Arundel,9.3,29.1
24005,MD,Baltimore,10.4,28.8
24009,MD,Calvert,9.1,29.7
24011,MD,Caroline,11.9,35
24013,MD,Carroll,9.5,27.9
24015,MD,Cecil,11.2,33.7
24017,MD,Charles,11.4,36
24019,MD,Dorchester,15.5,35.7
24021,MD,Frederick,9,29.1
24023,MD,Garrett,12.2,30.6
24025,MD,Harford,9.4,27.9
24027,MD,Howard,7.5,21.7
24029,MD,Kent,9.9,28.1
24031,MD,Montgomery,7.6,20.1
24033,MD,Prince George's,11.8,33.4
24035,MD,Queen Anne's,9.9,28.9
24037,MD,St. Mary's,11,32
24039,MD,Somerset,13.7,42.2
24041,MD,Talbot,11.4,29.3
24043,MD,Washington,12.8,33.8
24045,MD,Wicomico,12.3,35.9
24047,MD,Worcester,13.6,29.4
24510,MD,Baltimore,12.3,33.7
25001,MA,Barnstable,8.6,19.9
25003,MA,Berkshire,9.7,23.7
25005,MA,Bristol,11.1,28.3
25007,MA,Dukes,8,22
25009,MA,Essex,10.3,25.5
25011,MA,Franklin,8.3,21
25013,MA,Hampden,11.1,27.5
25015,MA,Hampshire,6.8,18.9
25017,MA,Middlesex,8.3,22.6
25019,MA,Nantucket,8.1,20
25021,MA,Norfolk,8.6,20.5
25023,MA,Plymouth,10.7,27.8
25025,MA,Suffolk,7.5,21.3
25027,MA,Worcester,9.7,27
26001,MI,Alcona,14,31.1
26003,MI,Alger,11,29.8
26005,MI,Allegan,10.3,30.2
26007,MI,Alpena,11.4,32.1
26009,MI,Antrim,12.9,32.2
26011,MI,Arenac,14.6,34
26013,MI,Baraga,11,32.5
26015,MI,Barry,9.6,31.2
26017,MI,Bay,11.3,35.4
26019,MI,Benzie,12.6,28.7
26021,MI,Berrien,12.5,34.8
26023,MI,Branch,10,31.8
26025,MI,Calhoun,12.5,33.9
26027,MI,Cass,12.2,35.3
26029,MI,Charlevoix,10,28.6
26031,MI,Cheboygan,12.1,33.2
26033,MI,Chippewa,12.1,34.6
26035,MI,Clare,11.9,33.8
26037,MI,Clinton,10.6,31.6
26039,MI,Crawford,11.1,30.4
26041,MI,Delta,12.3,32.1
26043,MI,Dickinson,12.7,30.1
26045,MI,Eaton,11.4,35.7
26047,MI,Emmet,9.2,29.8
26049,MI,Genesee,12.2,33
26051,MI,Gladwin,13.8,34.7
26053,MI,Gogebic,11.4,31.3
26055,MI,Grand Traverse,9,26.8
26057,MI,Gratiot,9.9,33.6
26059,MI,Hillsdale,11,32
26061,MI,Houghton,9.7,30.7
26063,MI,Huron,10.8,31.5
26065,MI,Ingham,9.2,30.4
26067,MI,Ionia,10.3,38
26069,MI,Iosco,12.9,33.2
26071,MI,Iron,13,29.1
26073,MI,Isabella,8.5,30.9
26075,MI,Jackson,11.3,33.7
26077,MI,Kalamazoo,7.8,30.6
26079,MI,Kalkaska,13,31.6
26081,MI,Kent,9.2,28.7
26083,MI,Keweenaw,12.6,30.9
26085,MI,Lake,13,32
26087,MI,Lapeer,10.7,30.3
26089,MI,Leelanau,12.7,26.6
26091,MI,Lenawee,11.2,30.8
26093,MI,Livingston,9,29.6
26095,MI,Luce,12,32.6
26097,MI,Mackinac,13.1,31.1
26099,MI,Macomb,9.9,33.3
26101,MI,Manistee,11.1,34.6
26103,MI,Marquette,10.1,29.2
26105,MI,Mason,11.3,29.9
26107,MI,Mecosta,10.2,35
26109,MI,Menominee,10.7,34.4
26111,MI,Midland,9.5,30.5
26113,MI,Missaukee,11.7,32.2
26115,MI,Monroe,11.1,33.8
26117,MI,Montcalm,11.2,34
26119,MI,Montmorency,12.5,28.9
26121,MI,Muskegon,12.4,35.8
26123,MI,Newaygo,10.6,34
26125,MI,Oakland,9.3,26.3
26127,MI,Oceana,13,34.8
26129,MI,Ogemaw,13.6,35.6
26131,MI,Ontonagon,13.3,33
26133,MI,Osceola,11.4,34.2
26135,MI,Oscoda,13,33.5
26137,MI,Otsego,11,33.3
26139,MI,Ottawa,7.8,27.6
26141,MI,Presque Isle,14,32.3
26143,MI,Roscommon,14.4,34.2
26145,MI,Saginaw,12.8,38.9
26147,MI,St. Clair,11.2,33
26149,MI,St. Joseph,10.8,34.7
26151,MI,Sanilac,10.2,31.3
26153,MI,Schoolcraft,12.6,31.3
26155,MI,Shiawassee,11.3,32.4
26157,MI,Tuscola,12.6,32.6
26159,MI,Van Buren,11.8,33.5
26161,MI,Washtenaw,7.6,24.4
26163,MI,Wayne,12,33.5
26165,MI,Wexford,11.2,30.2
27001,MN,Aitkin,11.5,29.9
27003,MN,Anoka,8,30
27005,MN,Becker,8.9,32.6
27007,MN,Beltrami,9.3,30.9
27009,MN,Benton,7.9,29.3
27011,MN,Big Stone,9.4,28.7
27013,MN,Blue Earth,6.8,33.7
27015,MN,Brown,8.9,30.1
27017,MN,Carlton,9.5,30.1
27019,MN,Carver,6.8,23
27021,MN,Cass,10.2,26.5
27023,MN,Chippewa,9.3,29.9
27025,MN,Chisago,8.4,29.8
27027,MN,Clay,6.4,28.4
27029,MN,Clearwater,10,31
27031,MN,Cook,9.2,28.9
27033,MN,Cottonwood,10.2,31.7
27035,MN,Crow Wing,10.4,29
27037,MN,Dakota,6.9,26.6
27039,MN,Dodge,8.3,24.9
27041,MN,Douglas,7.6,30
27043,MN,Faribault,8.8,27
27045,MN,Fillmore,8.5,25.1
27047,MN,Freeborn,8,29.9
27049,MN,Goodhue,9.8,32.2
27051,MN,Grant,9.2,32
27053,MN,Hennepin,6.8,22.8
27055,MN,Houston,9.3,25.7
27057,MN,Hubbard,8.2,24.9
27059,MN,Isanti,7.8,28
27061,MN,Itasca,8.9,32.2
27063,MN,Jackson,9.5,31.5
27065,MN,Kanabec,10.2,29.9
27067,MN,Kandiyohi,8.1,29.1
27069,MN,Kittson,9.7,27.8
27071,MN,Koochiching,11.1,28
27073,MN,Lac qui Parle,10.1,28.8
27075,MN,Lake,9.5,30.3
27077,MN,Lake of the Woods,9.4,30.4
27079,MN,Le Sueur,8.4,32.4
27081,MN,Lincoln,9.3,28.3
27083,MN,Lyon,8.3,28.7
27085,MN,McLeod,9.2,31.1
27087,MN,Mahnomen,11.2,32.6
27089,MN,Marshall,9.7,29.7
27091,MN,Martin,9.7,32.2
27093,MN,Meeker,10.6,30.4
27095,MN,Mille Lacs,11.6,35.9
27097,MN,Morrison,8.2,34.3
27099,MN,Mower,8.4,30.8
27101,MN,Murray,11.3,29.8
27103,MN,Nicollet,7.7,29.9
27105,MN,Nobles,7.8,28.8
27107,MN,Norman,9.1,28.2
27109,MN,Olmsted,7,25.6
27111,MN,Otter Tail,10.3,29.4
27113,MN,Pennington,8.3,27.5
27115,MN,Pine,10.6,36.2
27117,MN,Pipestone,9.3,28.4
27119,MN,Polk,9.6,33.5
27121,MN,Pope,9.5,32.1
27123,MN,Ramsey,8.2,25.8
27125,MN,Red Lake,8.7,32.8
27127,MN,Redwood,9.1,32.6
27129,MN,Renville,8.2,29.5
27131,MN,Rice,7.3,31.5
27133,MN,Rock,9.5,28.4
27135,MN,Roseau,9.3,29.3
27137,MN,St. Louis,9.8,27.1
27139,MN,Scott,5.7,24.6
27141,MN,Sherburne,7.1,28.8
27143,MN,Sibley,8.9,33.3
27145,MN,Stearns,7.6,27.6
27147,MN,Steele,8,30.5
27149,MN,Stevens,7.9,33.5
27151,MN,Swift,8.6,28.6
27153,MN,Todd,8.1,30.4
27155,MN,Traverse,11.3,32.1
27157,MN,Wabasha,7.7,32.2
27159,MN,Wadena,10,29.2
27161,MN,Waseca,6.8,33.7
27163,MN,Washington,8.2,26.1
27165,MN,Watonwan,7.9,26.9
27167,MN,Wilkin,9.3,28.5
27169,MN,Winona,8.1,28.9
27171,MN,Wright,8.3,28
27173,MN,Yellow Medicine,9.2,29
28001,MS,Adams,13.9,37.7
28003,MS,Alcorn,14.3,37.9
28005,MS,Amite,17.6,42.3
28007,MS,Attala,15.4,39.2
28009,MS,Benton,15.9,37
28011,MS,Bolivar,16.5,37.5
28013,MS,Calhoun,14.7,35.8
28015,MS,Carroll,16.8,34.2
28017,MS,Chickasaw,15.2,33.4
28019,MS,Choctaw,15.8,31.7
28021,MS,Claiborne,17,47.6
28023,MS,Clarke,14.9,34.8
28025,MS,Clay,14.6,35.3
28027,MS,Coahoma,16.8,42.9
28029,MS,Copiah,15,37.4
28031,MS,Covington,16.3,36.3
28033,MS,DeSoto,12.8,35.9
28035,MS,Forrest,11.1,34.4
28037,MS,Franklin,16.1,35.6
28039,MS,George,13.1,34.2
28041,MS,Greene,13,38.5
28043,MS,Grenada,14.5,38.9
28045,MS,Hancock,13.6,31.9
28047,MS,Harrison,13.4,32.3
28049,MS,Hinds,12.4,34.9
28051,MS,Holmes,17.5,46.1
28053,MS,Humphreys,17.3,41.6
28055,MS,Issaquena,15.5,34.4
28057,MS,Itawamba,12.8,34.5
28059,MS,Jackson,14.3,32
28061,MS,Jasper,16.8,37.9
28063,MS,Jefferson,16.9,44.5
28065,MS,Jefferson Davis,15.6,39.4
28067,MS,Jones,14.6,38.4
28069,MS,Kemper,15.9,36.9
28071,MS,Lafayette,10.4,34.3
28073,MS,Lamar,10.8,32.8
28075,MS,Lauderdale,13.3,32.3
28077,MS,Lawrence,15.9,36.8
28079,MS,Leake,13.5,40.9
28081,MS,Lee,13.7,33
28083,MS,Leflore,16.1,44
28085,MS,Lincoln,12.9,39.1
28087,MS,Lowndes,13.6,34.3
28089,MS,Madison,10.2,28.6
28091,MS,Marion,13.6,34.2
28093,MS,Marshall,15.5,39.1
28095,MS,Monroe,14.2,38
28097,MS,Montgomery,14.4,38.3
28099,MS,Neshoba,13.4,37.5
28101,MS,Newton,15.6,34.8
28103,MS,Noxubee,17.7,40.6
28105,MS,Oktibbeha,10.2,34.2
28107,MS,Panola,14.5,36
28109,MS,Pearl River,12.7,33.7
28111,MS,Perry,11.8,37.2
28113,MS,Pike,15.6,37.2
28115,MS,Pontotoc,13.5,31.1
28117,MS,Prentiss,16.3,33.1
28119,MS,Quitman,15.4,41.5
28121,MS,Rankin,11.1,31.5
28123,MS,Scott,15.1,33.7
28125,MS,Sharkey,17.1,37.5
28127,MS,Simpson,13.9,37.7
28129,MS,Smith,14.4,36.8
28131,MS,Stone,12.4,35.8
28133,MS,Sunflower,15.2,42.2
28135,MS,Tallahatchie,15.3,39.6
28137,MS,Tate,16.7,37.4
28139,MS,Tippah,12.8,33.9
28141,MS,Tishomingo,15,36.6
28143,MS,Tunica,16.2,40.7
28145,MS,Union,11.3,33.2
28147,MS,Walthall,17,38.3
28149,MS,Warren,15,32.7
28151,MS,Washington,14.9,38.9
28153,MS,Wayne,15.5,38.2
28155,MS,Webster,14.7,33.9
28157,MS,Wilkinson,18.1,39.9
28159,MS,Winston,15,36.4
28161,MS,Yalobusha,18.2,38.6
28163,MS,Yazoo,14.3,38.8
29001,MO,Adair,9,29
29003,MO,Andrew,9.9,29.3
29005,MO,Atchison,12.2,29.8
29007,MO,Audrain,11.7,34.7
29009,MO,Barry,11,32.4
29011,MO,Barton,13.9,35.3
29013,MO,Bates,11.3,32.1
29015,MO,Benton,13.9,31.2
29017,MO,Bollinger,10.9,33.1
29019,MO,Boone,7.5,28.4
29021,MO,Buchanan,11.6,32.6
29023,MO,Butler,11.7,35.1
29025,MO,Caldwell,13.2,37.2
29027,MO,Callaway,10,34.3
29029,MO,Camden,10.6,28.5
29031,MO,Cape Girardeau,11.3,31.9
29033,MO,Carroll,11.2,35.4
29035,MO,Carter,11.2,31.1
29037,MO,Cass,10.8,30.3
29039,MO,Cedar,13,31
29041,MO,Chariton,11.5,30.4
29043,MO,Christian,10.5,29.1
29045,MO,Clark,11.1,34.3
29047,MO,Clay,10.4,29.3
29049,MO,Clinton,10.9,34.5
29051,MO,Cole,10.1,30.7
29053,MO,Cooper,11,35.4
29055,MO,Crawford,10.4,32.4
29057,MO,Dade,13.3,34.3
29059,MO,Dallas,12.1,33.7
29061,MO,Daviess,10.5,32.6
29063,MO,DeKalb,12.1,36.1
29065,MO,Dent,13.6,34.6
29067,MO,Douglas,11.9,32.5
29069,MO,Dunklin,11.4,32
29071,MO,Franklin,10.5,30.4
29073,MO,Gasconade,12.4,35
29075,MO,Gentry,11.9,28.7
29077,MO,Greene,8.8,32
29079,MO,Grundy,10.6,32.6
29081,MO,Harrison,12.8,34.1
29083,MO,Henry,11.8,29.5
29085,MO,Hickory,13.1,29.2
29087,MO,Holt,11.5,32.5
29089,MO,Howard,10,33.9
29091,MO,Howell,12.3,31.5
29093,MO,Iron,11.3,35.1
29095,MO,Jackson,11.2,31
29097,MO,Jasper,10.8,34.5
29099,MO,Jefferson,10.6,30.4
29101,MO,Johnson,9.8,30.9
29103,MO,Knox,10.9,31.7
29105,MO,Laclede,11.7,31.1
29107,MO,Lafayette,11.9,29.1
29109,MO,Lawrence,10,30
29111,MO,Lewis,10.8,35.5
29113,MO,Lincoln,11.5,31.5
29115,MO,Linn,12.2,30.6
29117,MO,Livingston,10,28.8
29119,MO,McDonald,10.3,28.1
29121,MO,Macon,12.6,32.8
29123,MO,Madison,11.2,34.3
29125,MO,Maries,12.4,33.7
29127,MO,Marion,12.5,37.3
29129,MO,Mercer,11.5,33.4
29131,MO,Miller,11.7,30.8
29133,MO,Mississippi,12.6,31.9
29135,MO,Moniteau,9.6,28.3
29137,MO,Monroe,12.6,30.8
29139,MO,Montgomery,11.8,33.9
29141,MO,Morgan,11.3,28.3
29143,MO,New Madrid,12.2,33.1
29145,MO,Newton,9.3,32
29147,MO,Nodaway,10.6,29.7
29149,MO,Oregon,10.3,32.4
29151,MO,Osage,11.3,33.3
29153,MO,Ozark,15.1,33.4
29155,MO,Pemiscot,13.1,34.4
29157,MO,Perry,10.9,33
29159,MO,Pettis,12.4,36.5
29161,MO,Phelps,11.4,27
29163,MO,Pike,11.3,28.8
29165,MO,Platte,11.3,30.8
29167,MO,Polk,11.4,29.4
29169,MO,Pulaski,8.5,28.4
29171,MO,Putnam,11.8,31.9
29173,MO,Ralls,13,32.6
29175,MO,Randolph,12,33
29177,MO,Ray,11.5,34.8
29179,MO,Reynolds,12.2,32.6
29181,MO,Ripley,11.2,34.3
29183,MO,St. Charles,8.4,25
29185,MO,St. Clair,12.4,28.6
29186,MO,Ste. Genevieve,10.5,30.1
29187,MO,St. Francois,12.2,32.8
29189,MO,St. Louis,10.8,29
29195,MO,Saline,11,37.6
29197,MO,Schuyler,11.4,30.3
29199,MO,Scotland,10,31.2
29201,MO,Scott,12.6,36.5
29203,MO,Shannon,12.2,29.7
29205,MO,Shelby,11.5,33.1
29207,MO,Stoddard,13.6,32.8
29209,MO,Stone,13,33.2
29211,MO,Sullivan,11.4,35.7
29213,MO,Taney,10.8,30.9
29215,MO,Texas,13,32.6
29217,MO,Vernon,13.2,30.3
29219,MO,Warren,11.8,28.4
29221,MO,Washington,14.1,33.6
29223,MO,Wayne,13.6,36.1
29225,MO,Webster,9.8,33.8
29227,MO,Worth,12.5,30.2
29229,MO,Wright,10.7,31.4
29510,MO,St. Louis,13.5,33.8
30001,MT,Beaverhead,7.7,24.2
30003,MT,Big Horn,13.4,38.8
30005,MT,Blaine,11.9,35.6
30007,MT,Broadwater,8.8,30.4
30009,MT,Carbon,9,24
30011,MT,Carter,9.3,25
30013,MT,Cascade,9.1,28.2
30015,MT,Chouteau,8.1,26.2
30017,MT,Custer,9.9,30.6
30019,MT,Daniels,9,25.5
30021,MT,Dawson,9.6,30.9
30023,MT,Deer Lodge,9.9,25.9
30025,MT,Fallon,7.6,27.7
30027,MT,Fergus,9.2,26
30029,MT,Flathead,7.1,23.1
30031,MT,Gallatin,4.3,15.5
30033,MT,Garfield,8.3,25.9
30035,MT,Glacier,13.5,34.2
30037,MT,Golden Valley,9.7,24.4
30039,MT,Granite,9.1,29
30041,MT,Hill,11.1,33.4
30043,MT,Jefferson,8.6,27.5
30045,MT,Judith Basin,8.7,28.8
30047,MT,Lake,10.8,27.7
30049,MT,Lewis and Clark,7.7,24.3
30051,MT,Liberty,8.9,26.5
30053,MT,Lincoln,11.7,28.8
30055,MT,McCone,9.4,23.8
30057,MT,Madison,9.4,21.7
30059,MT,Meagher,8.9,23.9
30061,MT,Mineral,10.8,27.7
30063,MT,Missoula,5.2,22.2
30065,MT,Musselshell,9.6,27.5
30067,MT,Park,7.6,22.6
30069,MT,Petroleum,9.5,24.6
30071,MT,Phillips,9.8,29
30073,MT,Pondera,10.4,29.4
30075,MT,Powder River,7.5,27.3
30077,MT,Powell,10.1,28
30079,MT,Prairie,10,26.2
30081,MT,Ravalli,8.9,23.3
30083,MT,Richland,7.6,30.7
30085,MT,Roosevelt,12.8,36.9
30087,MT,Rosebud,11.7,35.6
30089,MT,Sanders,11.1,26.8
30091,MT,Sheridan,10.3,29.8
30093,MT,Silver Bow,8.3,25.5
30095,MT,Stillwater,7.8,21.8
30097,MT,Sweet Grass,9.9,24.3
30099,MT,Teton,8.8,26.7
30101,MT,Toole,8.6,26.5
30103,MT,Treasure,9.9,25.6
30105,MT,Valley,9.8,29.2
30107,MT,Wheatland,9.8,25.3
30109,MT,Wibaux,9.2,26.6
30111,MT,Yellowstone,8.4,25.1
31001,NE,Adams,10.8,33
31003,NE,Antelope,10.6,27.6
31005,NE,Arthur,8.3,29.7
31007,NE,Banner,13.1,33.5
31009,NE,Blaine,9.1,29.1
31011,NE,Boone,9.4,31.6
31013,NE,Box Butte,11.8,33.9
31015,NE,Boyd,13.9,34.2
31017,NE,Brown,10.3,30.2
31019,NE,Buffalo,6.7,30.1
31021,NE,Burt,10.3,31
31023,NE,Butler,9,32
31025,NE,Cass,8.9,35.4
31027,NE,Cedar,8.8,28.3
31029,NE,Chase,10.2,30.6
31031,NE,Cherry,8.3,26.2
31033,NE,Cheyenne,7.6,31.5
31035,NE,Clay,9.5,32.9
31037,NE,Colfax,8.5,31.5
31039,NE,Cuming,8.8,29.7
31041,NE,Custer,9.7,32
31043,NE,Dakota,9.2,35.8
31045,NE,Dawes,9.5,27.3
31047,NE,Dawson,9.4,33.8
31049,NE,Deuel,9.7,30.1
31051,NE,Dixon,10.2,31.5
31053,NE,Dodge,10,32.7
31055,NE,Douglas,8.8,27.8
31057,NE,Dundy,10.8,35.3
31059,NE,Fillmore,10.1,33.4
31061,NE,Franklin,10.6,36.7
31063,NE,Frontier,9.7,35.5
31065,NE,Furnas,12.8,33.9
31067,NE,Gage,10.9,34.1
31069,NE,Garden,9.9,32.6
31071,NE,Garfield,9.5,28.4
31073,NE,Gosper,9.9,34.4
31075,NE,Grant,10.4,28.3
31077,NE,Greeley,9.6,32.4
31079,NE,Hall,8.7,33.9
31081,NE,Hamilton,7.3,32.5
31083,NE,Harlan,10.8,32.1
31085,NE,Hayes,9.9,33.2
31087,NE,Hitchcock,11.3,35.9
31089,NE,Holt,8.9,30.2
31091,NE,Hooker,10.5,26.6
31093,NE,Howard,9.3,29.4
31095,NE,Jefferson,12.1,36.2
31097,NE,Johnson,9.2,30.3
31099,NE,Kearney,8.4,31.1
31101,NE,Keith,9.1,27.5
31103,NE,Keya Paha,10.7,29.6
31105,NE,Kimball,10.5,31.4
31107,NE,Knox,10.4,31.6
31109,NE,Lancaster,7.6,26
31111,NE,Lincoln,10.3,31.7
31113,NE,Logan,9.3,31.1
31115,NE,Loup,11.1,30.7
31117,NE,McPherson,10.1,30.5
31119,NE,Madison,9.4,32.6
31121,NE,Merrick,11.1,32.6
31123,NE,Morrill,9.2,30.2
31125,NE,Nance,11.4,29.8
31127,NE,Nemaha,10,35.5
31129,NE,Nuckolls,9.4,33.5
31131,NE,Otoe,11.5,33.9
31133,NE,Pawnee,10.3,29.8
31135,NE,Perkins,8.6,24.5
31137,NE,Phelps,10,33.4
31139,NE,Pierce,10.7,34.1
31141,NE,Platte,9.4,29.3
31143,NE,Polk,9,29.5
31145,NE,Red Willow,8.4,31.9
31147,NE,Richardson,9.8,36.7
31149,NE,Rock,11.3,30.3
31151,NE,Saline,8.5,33
31153,NE,Sarpy,8.4,30.6
31155,NE,Saunders,8.6,28.6
31157,NE,Scotts Bluff,10.5,33.9
31159,NE,Seward,7.7,29.4
31161,NE,Sheridan,11.3,30.2
31163,NE,Sherman,10.7,33.1
31165,NE,Sioux,8.2,32.3
31167,NE,Stanton,9.5,34.3
31169,NE,Thayer,10.2,30.2
31171,NE,Thomas,10,32.8
31173,NE,Thurston,16.8,41.8
31175,NE,Valley,11.6,32.3
31177,NE,Washington,8,31.5
31179,NE,Wayne,6.6,29.6
31181,NE,Webster,10.2,32.9
31183,NE,Wheeler,9.3,28.1
31185,NE,York,8.4,33.6
32001,NV,Churchill,9.5,25.5
32003,NV,Clark,9.2,27.8
32005,NV,Douglas,8,21.4
32007,NV,Elko,8.1,30.3
32009,NV,Esmeralda,10.6,25.5
32011,NV,Eureka,8.6,27.2
32013,NV,Humboldt,6.8,25.7
32015,NV,Lander,7.8,30.4
32017,NV,Lincoln,9.5,25.9
32019,NV,Lyon,9.3,29.8
32021,NV,Mineral,11.2,28
32023,NV,Nye,12.5,31.5
32027,NV,Pershing,7.8,31.1
32029,NV,Storey,11.1,26.9
32031,NV,Washoe,7.1,21.8
32033,NV,White Pine,9.2,28.7
32510,NV,Carson City,8.2,24.6
33001,NH,Belknap,10.6,31.3
33003,NH,Carroll,10.1,25.2
33005,NH,Cheshire,9,27.4
33007,NH,Coos,12.3,30.5
33009,NH,Grafton,8.8,25.3
33011,NH,Hillsborough,9.1,28.5
33013,NH,Merrimack,9.1,29.5
33015,NH,Rockingham,9.1,26.1
33017,NH,Strafford,10.5,29.1
33019,NH,Sullivan,10.2,28.8
34001,NJ,Atlantic,11.3,27.6
34003,NJ,Bergen,8,21.5
34005,NJ,Burlington,9.5,28
34007,NJ,Camden,10.4,30.2
34009,NJ,Cape May,11,27.9
34011,NJ,Cumberland,11.6,34.5
34013,NJ,Essex,10.7,28.7
34015,NJ,Gloucester,11.3,30.3
34017,NJ,Hudson,7.4,23.9
34019,NJ,Hunterdon,7,22.3
34021,NJ,Mercer,9.6,24.6
34023,NJ,Middlesex,9.8,25
34025,NJ,Monmouth,8.9,23.2
34027,NJ,Morris,7.9,21
34029,NJ,Ocean,11.2,28.1
34031,NJ,Passaic,8.3,25.7
34033,NJ,Salem,11.7,33.9
34035,NJ,Somerset,8.4,22.6
34037,NJ,Sussex,8.6,26.2
34039,NJ,Union,7.8,24.7
34041,NJ,Warren,9.2,28.8
35001,NM,Bernalillo,7.4,21.5
35003,NM,Catron,10.2,20.3
35005,NM,Chaves,9.2,29.2
35006,NM,Cibola,13.4,31.2
35007,NM,Colfax,9.2,22
35009,NM,Curry,7.9,30.5
35011,NM,De Baca,9.8,22.9
35013,NM,Doña Ana,7.4,23.6
35015,NM,Eddy,9.7,31.2
35017,NM,Grant,9.7,21.8
35019,NM,Guadalupe,8.4,27.3
35021,NM,Harding,10.3,22.9
35023,NM,Hidalgo,9,22.9
35025,NM,Lea,8,33.8
35027,NM,Lincoln,7.9,19.9
35028,NM,Los Alamos,7,19.9
35029,NM,Luna,10.6,24.3
35031,NM,McKinley,13.6,35.1
35033,NM,Mora,11.3,22.6
35035,NM,Otero,9.5,25.1
35037,NM,Quay,9.6,32
35039,NM,Rio Arriba,8.8,24.5
35041,NM,Roosevelt,9.4,26.9
35043,NM,Sandoval,8,23.8
35045,NM,San Juan,10,31.7
35047,NM,San Miguel,8.8,22.6
35049,NM,Santa Fe,4.7,13.7
35051,NM,Sierra,10.1,21
35053,NM,Socorro,10.4,26.3
35055,NM,Taos,7.7,17.4
35057,NM,Torrance,9.9,26.1
35059,NM,Union,9.5,27
35061,NM,Valencia,9,26.6
36001,NY,Albany,9.8,25.4
36003,NY,Allegany,9.3,29.6
36005,NY,Bronx,12.3,30.4
36007,NY,Broome,9.9,27.3
36009,NY,Cattaraugus,9.3,28.1
36011,NY,Cayuga,10,30.6
36013,NY,Chautauqua,9.9,29.6
36015,NY,Chemung,9.4,29.1
36017,NY,Chenango,10.2,30.3
36019,NY,Clinton,9.9,30.3
36021,NY,Columbia,10.6,25
36023,NY,Cortland,8.3,26.8
36025,NY,Delaware,10.8,27.9
36027,NY,Dutchess,9.6,25.9
36029,NY,Erie,9.4,26.7
36031,NY,Essex,9.7,27.3
36033,NY,Franklin,9.6,30.3
36035,NY,Fulton,10.1,30.1
36037,NY,Genesee,9.3,26.8
36039,NY,Greene,9.5,27.9
36041,NY,Hamilton,11,26.1
36043,NY,Herkimer,9.2,29.6
36045,NY,Jefferson,9.4,28.4
36047,NY,Kings,10.3,22.7
36049,NY,Lewis,9.9,33.7
36051,NY,Livingston,10.5,31.2
36053,NY,Madison,9.6,26.1
36055,NY,Monroe,9.7,27.7
36057,NY,Montgomery,9.4,26
36059,NY,Nassau,8.3,23.5
36061,NY,New York,6.7,14.7
36063,NY,Niagara,9.5,30.4
36065,NY,Oneida,10,31.4
36067,NY,Onondaga,9.1,27.9
36069,NY,Ontario,7.6,29.4
36071,NY,Orange,9.7,28.8
36073,NY,Orleans,9.7,28.5
36075,NY,Oswego,10.7,29.2
36077,NY,Otsego,9.3,26
36079,NY,Putnam,7.6,24.1
36081,NY,Queens,11.2,23.8
36083,NY,Rensselaer,8.9,27.4
36085,NY,Richmond,9.5,28.2
36087,NY,Rockland,10.3,22.4
36089,NY,St. Lawrence,10.6,28.2
36091,NY,Saratoga,8.5,26.7
36093,NY,Schenectady,9.9,26.1
36095,NY,Schoharie,9.8,26.2
36097,NY,Schuyler,10.7,30.8
36099,NY,Seneca,8.9,28.9
36101,NY,Steuben,11.2,30.8
36103,NY,Suffolk,8.8,23.1
36105,NY,Sullivan,10.5,29.3
36107,NY,Tioga,10.5,29.3
36109,NY,Tompkins,7.5,25.3
36111,NY,Ulster,9.3,27.2
36113,NY,Warren,9.8,27.4
36115,NY,Washington,11,31.9
36117,NY,Wayne,10.3,30.2
36119,NY,Westchester,8.2,20.3
36121,NY,Wyoming,8.1,25.6
36123,NY,Yates,9.5,26.6
37001,NC,Alamance,10.9,35.1
37003,NC,Alexander,11.6,34
37005,NC,Alleghany,12.8,27.1
37007,NC,Anson,14.9,34.6
37009,NC,Ashe,11.5,29.1
37011,NC,Avery,11.1,26
37013,NC,Beaufort,13.4,33
37015,NC,Bertie,14.2,35.5
37017,NC,Bladen,14.5,38.2
37019,NC,Brunswick,11,28
37021,NC,Buncombe,9.5,23.5
37023,NC,Burke,11.9,32.4
37025,NC,Cabarrus,9.9,30
37027,NC,Caldwell,14.2,32.7
37029,NC,Camden,11.1,31
37031,NC,Carteret,10.3,25.8
37033,NC,Caswell,13.2,36
37035,NC,Catawba,13.5,29.5
37037,NC,Chatham,12.1,27.1
37039,NC,Cherokee,13,30
37041,NC,Chowan,13.3,34.2
37043,NC,Clay,13.1,28.7
37045,NC,Cleveland,12.4,30.9
37047,NC,Columbus,16,31.2
37049,NC,Craven,10.3,30.1
37051,NC,Cumberland,12.1,32.3
37053,NC,Currituck,10.6,28.9
37055,NC,Dare,9.8,27.4
37057,NC,Davidson,11,31.4
37059,NC,Davie,10.9,29.1
37061,NC,Duplin,13.8,32
37063,NC,Durham,8.7,29.2
37065,NC,Edgecombe,16.4,40.8
37067,NC,Forsyth,11.2,31.4
37069,NC,Franklin,14,31.2
37071,NC,Gaston,13.7,33.3
37073,NC,Gates,12.9,33.9
37075,NC,Graham,12,27.5
37077,NC,Granville,12.1,35.8
37079,NC,Greene,12.7,35.9
37081,NC,Guilford,10.3,30.7
37083,NC,Halifax,13.7,39
37085,NC,Harnett,10.6,33.2
37087,NC,Haywood,12.3,30
37089,NC,Henderson,9.9,27.1
37091,NC,Hertford,14.4,36.9
37093,NC,Hoke,12.2,34.7
37095,NC,Hyde,12,29.7
37097,NC,Iredell,10.4,29.1
37099,NC,Jackson,11.6,31.4
37101,NC,Johnston,13.9,35.5
37103,NC,Jones,14.9,33.9
37105,NC,Lee,13.5,29.9
37107,NC,Lenoir,15.6,37.2
37109,NC,Lincoln,11.4,27.6
37111,NC,McDowell,14.2,30.9
37113,NC,Macon,11.7,27.4
37115,NC,Madison,10.5,24.8
37117,NC,Martin,15.9,38
37119,NC,Mecklenburg,8.5,23.9
37121,NC,Mitchell,12.8,29.2
37123,NC,Montgomery,12.5,30.7
37125,NC,Moore,10.6,27.4
37127,NC,Nash,13.2,31.5
37129,NC,New Hanover,8.4,24.9
37131,NC,Northampton,16.2,38.5
37133,NC,Onslow,7.8,29.7
37135,NC,Orange,8,23.3
37137,NC,Pamlico,15.1,31.5
37139,NC,Pasquotank,14.4,35.4
37141,NC,Pender,12.1,31.1
37143,NC,Perquimans,13.5,32.6
37145,NC,Person,12.6,32.7
37147,NC,Pitt,9.5,34.3
37149,NC,Polk,13.1,27.3
37151,NC,Randolph,13.7,32.2
37153,NC,Richmond,11.2,37.9
37155,NC,Robeson,15.7,39.6
37157,NC,Rockingham,14.1,35.4
37159,NC,Rowan,12.8,32.7
37161,NC,Rutherford,13.9,28.7
37163,NC,Sampson,13.7,36.7
37165,NC,Scotland,13.7,36.4
37167,NC,Stanly,12.1,30
37169,NC,Stokes,12.7,33.8
37171,NC,Surry,13.2,30.9
37173,NC,Swain,14.9,33.3
37175,NC,Transylvania,11.3,24.3
37177,NC,Tyrrell,13.6,30.8
37179,NC,Union,9.5,26.5
37181,NC,Vance,14,38.2
37183,NC,Wake,8.2,24.8
37185,NC,Warren,14.4,39.2
37187,NC,Washington,14.7,32.8
37189,NC,Watauga,8.6,26.4
37191,NC,Wayne,13.1,34.4
37193,NC,Wilkes,10.8,26.7
37195,NC,Wilson,12.4,36.8
37197,NC,Yadkin,10.5,31
37199,NC,Yancey,11.2,27
38001,ND,Adams,10.5,31.9
38003,ND,Barnes,10.5,34.7
38005,ND,Benson,11.7,31
38007,ND,Billings,7.8,28.3
38009,ND,Bottineau,9.8,31
38011,ND,Bowman,9.1,30.3
38013,ND,Burke,8.9,28.9
38015,ND,Burleigh,7.5,29.1
38017,ND,Cass,7,29.1
38019,ND,Cavalier,11.2,32.1
38021,ND,Dickey,11.2,33.4
38023,ND,Divide,10.1,27.1
38025,ND,Dunn,9.2,33.5
38027,ND,Eddy,11.8,31.5
38029,ND,Emmons,11.3,30.9
38031,ND,Foster,10.7,30.5
38033,ND,Golden Valley,8.8,32.1
38035,ND,Grand Forks,7.3,30.1
38037,ND,Grant,10.8,33.3
38039,ND,Griggs,10.2,26.9
38041,ND,Hettinger,9.5,29.1
38043,ND,Kidder,8.9,30.1
38045,ND,LaMoure,11.2,33.4
38047,ND,Logan,11.2,32.8
38049,ND,McHenry,8.3,31.7
38051,ND,McIntosh,10.6,32.8
38053,ND,McKenzie,9.5,32.8
38055,ND,McLean,10.4,33.4
38057,ND,Mercer,11.9,31.8
38059,ND,Morton,7.9,33.3
38061,ND,Mountrail,12.6,35.9
38063,ND,Nelson,12.2,31.7
38065,ND,Oliver,10.9,32.1
38067,ND,Pembina,12.1,32.1
38069,ND,Pierce,10.4,34
38071,ND,Ramsey,10.2,33.2
38073,ND,Ransom,10.4,33.1
38075,ND,Renville,10.8,31.6
38077,ND,Richland,8.4,33.1
38079,ND,Rolette,12.9,41.4
38081,ND,Sargent,9.4,34.4
38083,ND,Sheridan,11.5,31.6
38085,ND,Sioux,13.3,33.7
38087,ND,Slope,9.3,26.9
38089,ND,Stark,8,29.6
38091,ND,Steele,11.4,30.2
38093,ND,Stutsman,8.8,33
38095,ND,Towner,11.2,30.1
38097,ND,Traill,8.5,32.8
38099,ND,Walsh,9.5,32.2
38101,ND,Ward,7.8,30.8
38103,ND,Wells,10.9,33.5
38105,ND,Williams,8.3,35.3
39001,OH,Adams,11.4,31.1
39003,OH,Allen,13,35.4
39005,OH,Ashland,11.6,27.9
39007,OH,Ashtabula,13.3,33.5
39009,OH,Athens,11.1,28.3
39011,OH,Auglaize,11.1,34.7
39013,OH,Belmont,15.1,33.5
39015,OH,Brown,13.6,33.7
39017,OH,Butler,12,32.8
39019,OH,Carroll,12.7,34.7
39021,OH,Champaign,13.2,37
39023,OH,Clark,12.9,31.5
39025,OH,Clermont,11.7,30.3
39027,OH,Clinton,11.7,34.3
39029,OH,Columbiana,12.5,33
39031,OH,Coshocton,14.6,34.3
39033,OH,Crawford,13.3,32
39035,OH,Cuyahoga,12,30
39037,OH,Darke,12.8,32.3
39039,OH,Defiance,11.6,32.9
39041,OH,Delaware,9.2,28.1
39043,OH,Erie,11.1,35.4
39045,OH,Fairfield,11.1,32.6
39047,OH,Fayette,13,33.4
39049,OH,Franklin,9.9,29.7
39051,OH,Fulton,13.4,36.7
39053,OH,Gallia,14.5,32.3
39055,OH,Geauga,11.8,27
39057,OH,Greene,10.5,31.3
39059,OH,Guernsey,12.6,36.4
39061,OH,Hamilton,11,29.2
39063,OH,Hancock,11.5,31.4
39065,OH,Hardin,9.6,35.2
39067,OH,Harrison,13.2,30.3
39069,OH,Henry,11.8,29.2
39071,OH,Highland,11,32.1
39073,OH,Hocking,14.6,37.5
39075,OH,Holmes,10.3,31.2
39077,OH,Huron,12.8,33.3
39079,OH,Jackson,14.2,37.4
39081,OH,Jefferson,15.4,36.6
39083,OH,Knox,11,27.6
39085,OH,Lake,11.2,26.7
39087,OH,Lawrence,15.7,38.8
39089,OH,Licking,11,31.4
39091,OH,Logan,13.4,34.3
39093,OH,Lorain,11.5,29.2
39095,OH,Lucas,12.3,34.2
39097,OH,Madison,10.7,29.6
39099,OH,Mahoning,12.5,31.3
39101,OH,Marion,12.9,35.8
39103,OH,Medina,9.6,29.1
39105,OH,Meigs,16.7,34.3
39107,OH,Mercer,11,27.9
39109,OH,Miami,12.8,34.1
39111,OH,Monroe,14.9,36.8
39113,OH,Montgomery,13,33.3
39115,OH,Morgan,14.8,36.7
39117,OH,Morrow,12.2,36.9
39119,OH,Muskingum,12.9,31.2
39121,OH,Noble,14,33.5
39123,OH,Ottawa,11.1,30.6
39125,OH,Paulding,12.4,29.9
39127,OH,Perry,13.1,36.3
39129,OH,Pickaway,12.4,34
39131,OH,Pike,13.6,35.8
39133,OH,Portage,9.1,29
39135,OH,Preble,12.6,29.3
39137,OH,Putnam,9.9,35.2
39139,OH,Richland,11.9,32.8
39141,OH,Ross,13.3,33.7
39143,OH,Sandusky,12.9,33.5
39145,OH,Scioto,16,37
39147,OH,Seneca,13.5,35.1
39149,OH,Shelby,11.3,31.8
39151,OH,Stark,12.9,30.7
39153,OH,Summit,10.4,30.8
39155,OH,Trumbull,12.3,32.6
39157,OH,Tuscarawas,12.7,35
39159,OH,Union,10.2,34.2
39161,OH,Van Wert,14.8,37.9
39163,OH,Vinton,17,33.6
39165,OH,Warren,9.7,29.9
39167,OH,Washington,14.4,34.8
39169,OH,Wayne,12.3,30.3
39171,OH,Williams,12.8,35.9
39173,OH,Wood,11,30.9
39175,OH,Wyandot,12.5,35.8
40001,OK,Adair,14.3,38.6
40003,OK,Alfalfa,13.2,36
40005,OK,Atoka,12.8,34.3
40007,OK,Beaver,13.4,38.9
40009,OK,Beckham,10,35.5
40011,OK,Blaine,14.2,38.4
40013,OK,Bryan,11.4,32.5
40015,OK,Caddo,12.6,37
40017,OK,Canadian,11.9,35
40019,OK,Carter,12.5,32.3
40021,OK,Cherokee,14.6,35.5
40023,OK,Choctaw,15.5,36.2
40025,OK,Cimarron,12.5,32.8
40027,OK,Cleveland,10.4,30.1
40029,OK,Coal,12.9,35.6
40031,OK,Comanche,11.1,34.8
40033,OK,Cotton,14.5,36.2
40035,OK,Craig,13.1,27.4
40037,OK,Creek,14.8,36.8
40039,OK,Custer,11.7,30.9
40041,OK,Delaware,14.2,33.4
40043,OK,Dewey,13.9,35.5
40045,OK,Ellis,13,31
40047,OK,Garfield,9.8,36.7
40049,OK,Garvin,13.2,33.8
40051,OK,Grady,12,34.8
40053,OK,Grant,13,36.4
40055,OK,Greer,12.9,32.7
40057,OK,Harmon,14,36.8
40059,OK,Harper,12.4,35
40061,OK,Haskell,18,38.5
40063,OK,Hughes,15.6,32.3
40065,OK,Jackson,12.8,34.1
40067,OK,Jefferson,13.7,36
40069,OK,Johnston,13.7,39.2
40071,OK,Kay,12.7,29.7
40073,OK,Kingfisher,12.2,32.1
40075,OK,Kiowa,13.6,30.8
40077,OK,Latimer,15,32.6
40079,OK,Le Flore,14.2,39.1
40081,OK,Lincoln,14.4,38.8
40083,OK,Logan,12.1,31.4
40085,OK,Love,15,33.5
40087,OK,McClain,11.1,31.5
40089,OK,McCurtain,14,35.3
40091,OK,McIntosh,13.8,37.9
40093,OK,Major,11.6,31.6
40095,OK,Marshall,13.4,36.1
40097,OK,Mayes,13.8,34.7
40099,OK,Murray,13.4,39.7
40101,OK,Muskogee,13.3,37.4
40103,OK,Noble,13.2,32.8
40105,OK,Nowata,15.1,36.4
40107,OK,Okfuskee,13.4,31
40109,OK,Oklahoma,10.2,31.2
40111,OK,Okmulgee,12.5,38
40113,OK,Osage,12.4,34.5
40115,OK,Ottawa,15.6,37.1
40117,OK,Pawnee,13.4,33.9
40119,OK,Payne,7.1,28.9
40121,OK,Pittsburg,13.1,32.4
40123,OK,Pontotoc,11.9,35.6
40125,OK,Pottawatomie,14.1,34.2
40127,OK,Pushmataha,16.8,30.3
40129,OK,Roger Mills,12.5,32.8
40131,OK,Rogers,10.7,32.7
40133,OK,Seminole,14.4,36.4
40135,OK,Sequoyah,13.5,32.5
40137,OK,Stephens,13.5,34
40139,OK,Texas,9.6,32.7
40141,OK,Tillman,14.3,33.4
40143,OK,Tulsa,10.6,29.6
40145,OK,Wagoner,11.4,33.5
40147,OK,Washington,14,33.2
40149,OK,Washita,12.6,40.6
40151,OK,Woods,12.4,33.4
40153,OK,Woodward,11.5,38.6
41001,OR,Baker,12,26.9
41003,OR,Benton,7.8,21.6
41005,OR,Clackamas,9.8,25.3
41007,OR,Clatsop,11,30.7
41009,OR,Columbia,10.6,33.8
41011,OR,Coos,12.8,30.4
41013,OR,Crook,12.5,25.7
41015,OR,Curry,11.9,29.9
41017,OR,Deschutes,7.8,24.1
41019,OR,Douglas,11.4,31
41021,OR,Gilliam,11.6,27.2
41023,OR,Grant,12.4,29.6
41025,OR,Harney,11.2,31.7
41027,OR,Hood River,8.5,26.5
41029,OR,Jackson,8.9,25.6
41031,OR,Jefferson,11.2,32.5
41033,OR,Josephine,9.3,27.1
41035,OR,Klamath,10.8,29.9
41037,OR,Lake,11.5,28
41039,OR,Lane,7.8,27.4
41041,OR,Lincoln,13.3,28.5
41043,OR,Linn,11.2,33.6
41045,OR,Malheur,8.9,28.5
41047,OR,Marion,10.3,34.1
41049,OR,Morrow,11.4,30.9
41051,OR,Multnomah,7.7,21.3
41053,OR,Polk,9.3,34.5
41055,OR,Sherman,11.1,27.1
41057,OR,Tillamook,11.4,28.8
41059,OR,Umatilla,9.9,31.8
41061,OR,Union,9.2,27.3
41063,OR,Wallowa,11.4,24.3
41065,OR,Wasco,11,25.5
41067,OR,Washington,8.4,24
41069,OR,Wheeler,12.6,27.2
41071,OR,Yamhill,9.6,27.8
42001,PA,Adams,11.6,31.4
42003,PA,Allegheny,9.7,26.7
42005,PA,Armstrong,11.7,35.9
42007,PA,Beaver,11.4,29.7
42009,PA,Bedford,13.2,33.7
42011,PA,Berks,11,32.2
42013,PA,Blair,11.7,33.1
42015,PA,Bradford,10.9,32.5
42017,PA,Bucks,9.6,25.7
42019,PA,Butler,10.9,28.5
42021,PA,Cambria,13.1,28.9
42023,PA,Cameron,10.4,27.9
42025,PA,Carbon,10.7,35
42027,PA,Centre,7.8,26.6
42029,PA,Chester,7.9,23
42031,PA,Clarion,11.7,33.8
42033,PA,Clearfield,13.7,36.8
42035,PA,Clinton,10.9,32.4
42037,PA,Columbia,11.9,37.9
42039,PA,Crawford,11.7,34.5
42041,PA,Cumberland,9.4,27.6
42043,PA,Dauphin,11.9,32.5
42045,PA,Delaware,9,24
42047,PA,Elk,10.5,28.5
42049,PA,Erie,11.6,31.2
42051,PA,Fayette,15.9,38.5
42053,PA,Forest,11.3,32.1
42055,PA,Franklin,11.4,32.2
42057,PA,Fulton,11.9,31.6
42059,PA,Greene,12.5,33.4
42061,PA,Huntingdon,11.5,29.4
42063,PA,Indiana,9.7,37.2
42065,PA,Jefferson,11.5,31.5
42067,PA,Juniata,12.3,34.7
42069,PA,Lackawanna,11.5,31.3
42071,PA,Lancaster,9.7,29.3
42073,PA,Lawrence,12.5,34.3
42075,PA,Lebanon,10.1,29.5
42077,PA,Lehigh,10.8,30.1
42079,PA,Luzerne,11.7,28.9
42081,PA,Lycoming,10.7,31.5
42083,PA,McKean,10.4,31.9
42085,PA,Mercer,12.2,31.7
42087,PA,Mifflin,12.5,32
42089,PA,Monroe,11.2,28.8
42091,PA,Montgomery,7.4,24.6
42093,PA,Montour,12.4,32.5
42095,PA,Northampton,11.2,28.6
42097,PA,Northumberland,12.1,35.3
42099,PA,Perry,10.3,33
42101,PA,Philadelphia,11.5,29.8
42103,PA,Pike,10.5,29.1
42105,PA,Potter,12.1,32.4
42107,PA,Schuylkill,11.4,35.1
42109,PA,Snyder,9.9,32.5
42111,PA,Somerset,12.5,37.7
42113,PA,Sullivan,13.1,31.1
42115,PA,Susquehanna,10.1,30.4
42117,PA,Tioga,12,30.3
42119,PA,Union,10.2,28.2
42121,PA,Venango,13.2,34.7
42123,PA,Warren,12.5,33.6
42125,PA,Washington,11.8,28.3
42127,PA,Wayne,12.6,33.1
42129,PA,Westmoreland,11.8,30
42131,PA,Wyoming,10.8,33.4
42133,PA,York,11.3,33.3
44001,RI,Bristol,8.8,22.9
44003,RI,Kent,9.9,28.8
44005,RI,Newport,8.5,23.1
44007,RI,Providence,9.9,28.2
44009,RI,Washington,9.1,23.9
45001,SC,Abbeville,17,35.2
45003,SC,Aiken,12.8,31.9
45005,SC,Allendale,19.2,41.1
45007,SC,Anderson,13.2,33.9
45009,SC,Bamberg,17,40.3
45011,SC,Barnwell,17.3,36.8
45013,SC,Beaufort,9.8,22
45015,SC,Berkeley,13.5,35
45017,SC,Calhoun,18.6,35.3
45019,SC,Charleston,11.1,24.6
45021,SC,Cherokee,14.4,36.5
45023,SC,Chester,13.8,36.1
45025,SC,Chesterfield,14.8,34.8
45027,SC,Clarendon,17.2,42.3
45029,SC,Colleton,16.5,39
45031,SC,Darlington,14.6,37.7
45033,SC,Dillon,16.5,37.4
45035,SC,Dorchester,10.4,33.9
45037,SC,Edgefield,14.1,32.7
45039,SC,Fairfield,18.6,41.3
45041,SC,Florence,14.1,34.1
45043,SC,Georgetown,14.4,30.8
45045,SC,Greenville,10.4,28.1
45047,SC,Greenwood,13.2,33.5
45049,SC,Hampton,15.1,42
45051,SC,Horry,11.1,29.8
45053,SC,Jasper,15,37
45055,SC,Kershaw,12.6,31.7
45057,SC,Lancaster,11.8,31.3
45059,SC,Laurens,15,40.8
45061,SC,Lee,16.9,44.3
45063,SC,Lexington,9.9,33.4
45065,SC,McCormick,17.6,35.2
45067,SC,Marion,17.2,39.9
45069,SC,Marlboro,15.2,39.2
45071,SC,Newberry,15.7,35.5
45073,SC,Oconee,12,28
45075,SC,Orangeburg,15.1,41.9
45077,SC,Pickens,11.9,30.2
45079,SC,Richland,11.1,32.6
45081,SC,Saluda,13,35.6
45083,SC,Spartanburg,12.8,30.5
45085,SC,Sumter,14.3,34.4
45087,SC,Union,15.6,36.9
45089,SC,Williamsburg,17.5,42.5
45091,SC,York,12,29.4
46003,SD,Aurora,8.7,28
46005,SD,Beadle,9.4,32
46007,SD,Bennett,14.6,36.6
46009,SD,Bon Homme,9.4,29.6
46011,SD,Brookings,6.1,27.4
46013,SD,Brown,8.4,32.2
46015,SD,Brule,10.1,34.4
46017,SD,Buffalo,16.2,42
46019,SD,Butte,8.4,31.3
46021,SD,Campbell,9.9,30.9
46023,SD,Charles Mix,11.7,33.6
46025,SD,Clark,10.4,30.6
46027,SD,Clay,7.7,31.1
46029,SD,Codington,8.3,31.2
46031,SD,Corson,13.3,40.9
46033,SD,Custer,10.7,29.7
46035,SD,Davison,9.4,34.3
46037,SD,Day,11.2,30.8
46039,SD,Deuel,10.8,33.3
46041,SD,Dewey,15.6,39.9
46043,SD,Douglas,11,29.8
46045,SD,Edmunds,9,29.1
46047,SD,Fall River,11.2,31.7
46049,SD,Faulk,9.8,29.3
46051,SD,Grant,8.3,30.6
46053,SD,Gregory,10.4,32.2
46055,SD,Haakon,10.3,30.1
46057,SD,Hamlin,9.7,30.8
46059,SD,Hand,10.5,29.9
46061,SD,Hanson,8.3,28.9
46063,SD,Harding,8.1,32.4
46065,SD,Hughes,9.5,28.3
46067,SD,Hutchinson,10.5,31
46069,SD,Hyde,10.5,30.5
46071,SD,Jackson,11.2,34.8
46073,SD,Jerauld,9.9,27.8
46075,SD,Jones,10.9,29.3
46077,SD,Kingsbury,10,33.8
46079,SD,Lake,8.6,31.3
46081,SD,Lawrence,7.3,25.7
46083,SD,Lincoln,6.6,28.7
46085,SD,Lyman,10.4,33.5
46087,SD,McCook,9,28.5
46089,SD,McPherson,11.8,27.3
46091,SD,Marshall,9.6,32.2
46093,SD,Meade,8.4,27
46095,SD,Mellette,13.2,32.4
46097,SD,Miner,10.6,31.4
46099,SD,Minnehaha,7.9,27.8
46101,SD,Moody,11,32.9
46103,SD,Pennington,8.4,27.3
46105,SD,Perkins,10.1,32.8
46107,SD,Potter,11,29.2
46109,SD,Roberts,12,32
46111,SD,Sanborn,10.2,29.7
46113,SD,Shannon,15.8,42.9
46115,SD,Spink,9.9,31.4
46117,SD,Stanley,9.8,33.4
46119,SD,Sully,9.3,33.1
46121,SD,Todd,18.2,38
46123,SD,Tripp,10.7,30.7
46125,SD,Turner,8.4,32.9
46127,SD,Union,9.2,30.4
46129,SD,Walworth,10.7,28.4
46135,SD,Yankton,7.9,30
46137,SD,Ziebach,16.5,42
47001,TN,Anderson,12.3,31.7
47003,TN,Bedford,11.5,32.1
47005,TN,Benton,14.3,32.4
47007,TN,Bledsoe,12.5,32.7
47009,TN,Blount,13.7,34
47011,TN,Bradley,14.3,34.9
47013,TN,Campbell,13.4,32.5
47015,TN,Cannon,12.9,33.3
47017,TN,Carroll,14.6,32.4
47019,TN,Carter,14.2,31.8
47021,TN,Cheatham,12.3,33.8
47023,TN,Chester,14.7,32
47025,TN,Claiborne,14.8,30.8
47027,TN,Clay,13.9,31.3
47029,TN,Cocke,15.8,34.4
47031,TN,Coffee,13.1,35.9
47033,TN,Crockett,13.8,33
47035,TN,Cumberland,18.2,29.2
47037,TN,Davidson,10.6,30.9
47039,TN,Decatur,15,36.3
47041,TN,DeKalb,14.4,31.8
47043,TN,Dickson,12.6,35.9
47045,TN,Dyer,15.8,37.2
47047,TN,Fayette,17.6,31.1
47049,TN,Fentress,14.6,35.5
47051,TN,Franklin,13.1,30.9
47053,TN,Gibson,13.1,32.3
47055,TN,Giles,14.4,32.1
47057,TN,Grainger,14.4,35
47059,TN,Greene,12.3,29.8
47061,TN,Grundy,15.2,31.3
47063,TN,Hamblen,13.9,30.8
47065,TN,Hamilton,12.2,30.2
47067,TN,Hancock,13,30.6
47069,TN,Hardeman,14.7,37.8
47071,TN,Hardin,13.8,31.9
47073,TN,Hawkins,14.4,32.9
47075,TN,Haywood,15.3,38.4
47077,TN,Henderson,15.9,34.8
47079,TN,Henry,14,33.7
47081,TN,Hickman,12.2,32.1
47083,TN,Houston,15.2,33.2
47085,TN,Humphreys,14.1,35.6
47087,TN,Jackson,13.8,34.7
47089,TN,Jefferson,12.3,34.2
47091,TN,Johnson,14.1,29.2
47093,TN,Knox,11.2,29.7
47095,TN,Lake,13.5,37.5
47097,TN,Lauderdale,15.4,38.3
47099,TN,Lawrence,14.2,34
47101,TN,Lewis,14.5,34.3
47103,TN,Lincoln,14.2,32.1
47105,TN,Loudon,13.3,27.5
47107,TN,McMinn,14.1,33.7
47109,TN,McNairy,16.9,38.6
47111,TN,Macon,14.2,34.2
47113,TN,Madison,14.2,34.3
47115,TN,Marion,15.9,32.9
47117,TN,Marshall,14.4,31.3
47119,TN,Maury,11.9,33.6
47121,TN,Meigs,14.2,27.9
47123,TN,Monroe,14.7,35.5
47125,TN,Montgomery,9.8,29
47127,TN,Moore,14,32
47129,TN,Morgan,12.3,30.3
47131,TN,Obion,15.5,33.6
47133,TN,Overton,15.1,33
47135,TN,Perry,16.3,31.4
47137,TN,Pickett,15,33.1
47139,TN,Polk,13.7,34.9
47141,TN,Putnam,12.5,32.6
47143,TN,Rhea,13.7,30.4
47145,TN,Roane,13.4,34.1
47147,TN,Robertson,12.8,35.6
47149,TN,Rutherford,9.9,33
47151,TN,Scott,13.4,28.9
47153,TN,Sequatchie,13.5,28.3
47155,TN,Sevier,12.2,30.6
47157,TN,Shelby,12.2,32.6
47159,TN,Smith,13.6,36.8
47161,TN,Stewart,15.2,31.4
47163,TN,Sullivan,14.4,30.1
47165,TN,Sumner,11.8,29.7
47167,TN,Tipton,13.5,35.4
47169,TN,Trousdale,13.2,32.9
47171,TN,Unicoi,14.7,33.4
47173,TN,Union,13.8,31
47175,TN,Van Buren,14.6,32.1
47177,TN,Warren,16.3,31.4
47179,TN,Washington,12.9,32.2
47181,TN,Wayne,12.3,32.7
47183,TN,Weakley,14.7,30.9
47185,TN,White,13.6,31.2
47187,TN,Williamson,9.2,25.9
47189,TN,Wilson,12.7,31.7
48001,TX,Anderson,11.7,31.6
48003,TX,Andrews,8.8,28.1
48005,TX,Angelina,12.9,37.5
48007,TX,Aransas,12.1,26.9
48009,TX,Archer,10.6,27.1
48011,TX,Armstrong,10.6,27.2
48013,TX,Atascosa,10.8,27.9
48015,TX,Austin,9.7,27
48017,TX,Bailey,9.5,26.7
48019,TX,Bandera,11.3,27.1
48021,TX,Bastrop,9.7,33.1
48023,TX,Baylor,12.2,28.1
48025,TX,Bee,8.7,29.3
48027,TX,Bell,9.2,29
48029,TX,Bexar,8.9,27.3
48031,TX,Blanco,11.2,28.7
48033,TX,Borden,11.3,27.3
48035,TX,Bosque,10.2,27.8
48037,TX,Bowie,12.7,32.4
48039,TX,Brazoria,9.1,31.2
48041,TX,Brazos,7.6,28.4
48043,TX,Brewster,9.7,27.7
48045,TX,Briscoe,11.2,26.4
48047,TX,Brooks,10.8,27.2
48049,TX,Brown,9.5,25.2
48051,TX,Burleson,12.2,29.8
48053,TX,Burnet,10,30
48055,TX,Caldwell,9.8,26.4
48057,TX,Calhoun,11.6,29.1
48059,TX,Callahan,11,28.4
48061,TX,Cameron,9.3,33.2
48063,TX,Camp,11.2,31.8
48065,TX,Carson,11,28.4
48067,TX,Cass,13.7,31.3
48069,TX,Castro,9.3,28.1
48071,TX,Chambers,9.6,28.6
48073,TX,Cherokee,11.6,30.1
48075,TX,Childress,9,27
48077,TX,Clay,11.2,29.4
48079,TX,Cochran,10.9,26.9
48081,TX,Coke,12.6,28.1
48083,TX,Coleman,11.6,28.1
48085,TX,Collin,7.9,24.6
48087,TX,Collingsworth,10.7,28
48089,TX,Colorado,11.3,28.5
48091,TX,Comal,8.8,26.7
48093,TX,Comanche,10.8,28.3
48095,TX,Concho,8.7,27.5
48097,TX,Cooke,10.3,29.2
48099,TX,Coryell,9.1,30.3
48101,TX,Cottle,12.3,27.4
48103,TX,Crane,8.8,29.3
48105,TX,Crockett,9.9,27.9
48107,TX,Crosby,9.8,27.8
48109,TX,Culberson,10,27.6
48111,TX,Dallam,8,31.5
48113,TX,Dallas,9.1,27.6
48115,TX,Dawson,9.1,29.9
48117,TX,Deaf Smith,8.7,29.4
48119,TX,Delta,11.9,28
48121,TX,Denton,8,22.1
48123,TX,DeWitt,11.6,30.6
48125,TX,Dickens,9.9,26.6
48127,TX,Dimmit,9.3,29.9
48129,TX,Donley,11.1,27.6
48131,TX,Duval,9.9,27.8
48133,TX,Eastland,12.2,28.2
48135,TX,Ector,8.9,31.6
48137,TX,Edwards,11.8,27.1
48139,TX,Ellis,9.9,29.8
48141,TX,El Paso,9.5,28.4
48143,TX,Erath,8.9,28.2
48145,TX,Falls,11.5,29.8
48147,TX,Fannin,10.4,28.4
48149,TX,Fayette,11.6,27.1
48151,TX,Fisher,11.7,26.7
48153,TX,Floyd,11.4,26.8
48155,TX,Foard,11.7,26.3
48157,TX,Fort Bend,8.4,23.9
48159,TX,Franklin,11.3,26.9
48161,TX,Freestone,11,28.5
48163,TX,Frio,8.6,27.5
48165,TX,Gaines,8.9,30.6
48167,TX,Galveston,9.8,27.6
48169,TX,Garza,8.3,27.5
48171,TX,Gillespie,13.3,26.8
48173,TX,Glasscock,9.6,26.8
48175,TX,Goliad,11.9,29.2
48177,TX,Gonzales,12,29.5
48179,TX,Gray,10.9,28.4
48181,TX,Grayson,9.3,28.9
48183,TX,Gregg,11,35.3
48185,TX,Grimes,11.9,29.1
48187,TX,Guadalupe,10,30.9
48189,TX,Hale,10.3,30.6
48191,TX,Hall,12.4,29.1
48193,TX,Hamilton,11.8,30
48195,TX,Hansford,9.7,28.1
48197,TX,Hardeman,10.9,28.5
48199,TX,Hardin,9.9,32.1
48201,TX,Harris,8.5,27.2
48203,TX,Harrison,11.9,33.3
48205,TX,Hartley,9.6,27.3
48207,TX,Haskell,10.5,27.3
48209,TX,Hays,8.7,23.8
48211,TX,Hemphill,9.4,26.8
48213,TX,Henderson,10.9,30.2
48215,TX,Hidalgo,9.7,34.4
48217,TX,Hill,10.1,28.7
48219,TX,Hockley,8.7,30.7
48221,TX,Hood,11.7,26.5
48223,TX,Hopkins,10.5,30.5
48225,TX,Houston,11.3,28.3
48227,TX,Howard,9.7,31.1
48229,TX,Hudspeth,10,26.3
48231,TX,Hunt,10.3,27
48233,TX,Hutchinson,10.5,31.1
48235,TX,Irion,10.6,27.9
48237,TX,Jack,9.7,26.9
48239,TX,Jackson,10.9,32.2
48241,TX,Jasper,13.2,29.1
48243,TX,Jeff Davis,12.4,26.2
48245,TX,Jefferson,10.8,33.2
48247,TX,Jim Hogg,9.9,27.3
48249,TX,Jim Wells,9.2,28.5
48251,TX,Johnson,9.4,30.2
48253,TX,Jones,9,27.4
48255,TX,Karnes,9.5,29.2
48257,TX,Kaufman,9.2,27.2
48259,TX,Kendall,8.9,27.3
48261,TX,Kenedy,9.2,26.4
48263,TX,Kent,12,26.4
48265,TX,Kerr,13.4,26.7
48267,TX,Kimble,11.6,28.4
48269,TX,King,10.5,27.5
48271,TX,Kinney,10.8,26.7
48273,TX,Kleberg,9.2,28
48275,TX,Knox,11.2,26.6
48277,TX,Lamar,11.6,32.7
48279,TX,Lamb,10.2,31
48281,TX,Lampasas,10.2,28.2
48283,TX,La Salle,8.2,26.6
48285,TX,Lavaca,11.7,32
48287,TX,Lee,10.8,28.1
48289,TX,Leon,13.8,29.5
48291,TX,Liberty,11,27.6
48293,TX,Limestone,11.8,33.9
48295,TX,Lipscomb,9.5,27.2
48297,TX,Live Oak,10.8,27.6
48299,TX,Llano,13.3,27
48301,TX,Loving,10.5,29
48303,TX,Lubbock,8.6,27.7
48305,TX,Lynn,10.4,28.4
48307,TX,McCulloch,11,28.5
48309,TX,McLennan,9,28.6
48311,TX,McMullen,11.8,32.2
48313,TX,Madison,9.1,28.8
48315,TX,Marion,12.5,31.3
48317,TX,Martin,8.8,27.1
48319,TX,Mason,12.5,26.2
48321,TX,Matagorda,11.2,31.9
48323,TX,Maverick,8.7,29.4
48325,TX,Medina,11.2,32.2
48327,TX,Menard,12.9,27.3
48329,TX,Midland,8.6,30.9
48331,TX,Milam,11.9,29.7
48333,TX,Mills,11.7,26.1
48335,TX,Mitchell,8.9,26.6
48337,TX,Montague,10.7,25.9
48339,TX,Montgomery,10.1,24.5
48341,TX,Moore,9,29.9
48343,TX,Morris,11.1,30
48345,TX,Motley,13,26.8
48347,TX,Nacogdoches,11.3,32.2
48349,TX,Navarro,10.1,28.4
48351,TX,Newton,11.7,28
48353,TX,Nolan,10.4,29
48355,TX,Nueces,9.9,33.6
48357,TX,Ochiltree,8.2,28.7
48359,TX,Oldham,9.3,29.3
48361,TX,Orange,8.9,29.5
48363,TX,Palo Pinto,12,29.4
48365,TX,Panola,10.9,30.7
48367,TX,Parker,10.5,29
48369,TX,Parmer,9.4,29.4
48371,TX,Pecos,9.8,28.6
48373,TX,Polk,10.8,29.4
48375,TX,Potter,8.9,31
48377,TX,Presidio,10.3,26.1
48379,TX,Rains,11.8,29.7
48381,TX,Randall,8.2,26.6
48383,TX,Reagan,8.9,27.7
48385,TX,Real,12.1,27.6
48387,TX,Red River,11.9,30.7
48389,TX,Reeves,8.1,28.3
48391,TX,Refugio,10.9,28.4
48393,TX,Roberts,10.3,26.6
48395,TX,Robertson,10.9,29.8
48397,TX,Rockwall,8.9,25.3
48399,TX,Runnels,11.5,26.8
48401,TX,Rusk,10.8,30.8
48403,TX,Sabine,13.2,27.8
48405,TX,San Augustine,13.7,32.3
48407,TX,San Jacinto,12.6,28.1
48409,TX,San Patricio,10.5,33
48411,TX,San Saba,11.4,27.4
48413,TX,Schleicher,9.8,27.5
48415,TX,Scurry,9.1,26.2
48417,TX,Shackelford,10.4,28.3
48419,TX,Shelby,11.7,31.2
48421,TX,Sherman,10,27.5
48423,TX,Smith,10.2,29.6
48425,TX,Somervell,10.7,27.6
48427,TX,Starr,8.4,29.6
48429,TX,Stephens,10,27
48431,TX,Sterling,10.1,27.4
48433,TX,Stonewall,12,27
48435,TX,Sutton,9.8,26.6
48437,TX,Swisher,9.9,27.7
48439,TX,Tarrant,11,29.1
48441,TX,Taylor,9.2,30.8
48443,TX,Terrell,10.6,26.8
48445,TX,Terry,9.8,29.2
48447,TX,Throckmorton,11.3,26.8
48449,TX,Titus,9.5,30.9
48451,TX,Tom Green,10.1,27.6
48453,TX,Travis,6.4,20.3
48455,TX,Trinity,11.5,27.4
48457,TX,Tyler,12.3,31
48459,TX,Upshur,10.7,29.6
48461,TX,Upton,9.6,26.9
48463,TX,Uvalde,10.5,30
48465,TX,Val Verde,8.7,30
48467,TX,Van Zandt,10.8,30.2
48469,TX,Victoria,10.3,34.3
48471,TX,Walker,9,29.7
48473,TX,Waller,12,33.6
48475,TX,Ward,9.7,28.5
48477,TX,Washington,11.8,29.6
48479,TX,Webb,8.6,31.3
48481,TX,Wharton,10.2,31.9
48483,TX,Wheeler,10.8,27.8
48485,TX,Wichita,12.3,31.1
48487,TX,Wilbarger,11,28
48489,TX,Willacy,8.3,27.6
48491,TX,Williamson,7.4,31.1
48493,TX,Wilson,9.7,31.4
48495,TX,Winkler,8.7,27.7
48497,TX,Wise,10.4,30.9
48499,TX,Wood,11.7,30.1
48501,TX,Yoakum,8.6,26.7
48503,TX,Young,10.9,27.1
48505,TX,Zapata,8.3,26.3
48507,TX,Zavala,8.7,27.4
49001,UT,Beaver,7.9,25.7
49003,UT,Box Elder,9.9,33.5
49005,UT,Cache,5.6,21.8
49007,UT,Carbon,9.6,26.6
49009,UT,Daggett,10.1,26.1
49011,UT,Davis,7.4,25
49013,UT,Duchesne,8,27.6
49015,UT,Emery,8.7,25.8
49017,UT,Garfield,9.7,32.5
49019,UT,Grand,7.8,22.3
49021,UT,Iron,6.8,23.3
49023,UT,Juab,10.2,28
49025,UT,Kane,9.8,26.1
49027,UT,Millard,9.3,31.3
49029,UT,Morgan,8.3,22
49031,UT,Piute,10.1,26.1
49033,UT,Rich,8.7,26.4
49035,UT,Salt Lake,7.2,25.4
49037,UT,San Juan,10.6,26.7
49039,UT,Sanpete,7.9,25.4
49041,UT,Sevier,9.5,29.9
49043,UT,Summit,4.2,14.4
49045,UT,Tooele,9.2,31.7
49047,UT,Uintah,8,27.6
49049,UT,Utah,5.5,24.4
49051,UT,Wasatch,6.5,23
49053,UT,Washington,7.8,23.7
49055,UT,Wayne,8.5,22.8
49057,UT,Weber,8.3,28.4
50001,VT,Addison,6.7,23
50003,VT,Bennington,8.8,24.1
50005,VT,Caledonia,8.2,28.3
50007,VT,Chittenden,6.5,19.8
50009,VT,Essex,10.2,29.8
50011,VT,Franklin,8.1,27.5
50013,VT,Grand Isle,7.4,26.8
50015,VT,Lamoille,7,25.2
50017,VT,Orange,7.7,26.6
50019,VT,Orleans,9.3,28.5
50021,VT,Rutland,9.4,29.5
50023,VT,Washington,8.3,23
50025,VT,Windham,7.5,23.4
50027,VT,Windsor,8.1,24
51001,VA,Accomack,13.6,34.7
51003,VA,Albemarle,7.6,22.6
51005,VA,Alleghany,11,33
51007,VA,Amelia,11.8,29
51009,VA,Amherst,12.7,29.4
51011,VA,Appomattox,11.6,29.3
51013,VA,Arlington,4.2,16.1
51015,VA,Augusta,11.6,34
51017,VA,Bath,10.9,28.7
51019,VA,Bedford,11.1,33.1
51021,VA,Bland,10,30.9
51023,VA,Botetourt,11.1,25.6
51025,VA,Brunswick,12,35.9
51027,VA,Buchanan,14.6,31.8
51029,VA,Buckingham,14.3,33.5
51031,VA,Campbell,11,31.5
51033,VA,Caroline,10.5,29.6
51035,VA,Carroll,12.3,29.1
51036,VA,Charles City,14.2,35.2
51037,VA,Charlotte,12,33.5
51041,VA,Chesterfield,9.1,26
51043,VA,Clarke,10.7,26.8
51045,VA,Craig,10.7,27.8
51047,VA,Culpeper,10.6,31.8
51049,VA,Cumberland,13.8,32.1
51051,VA,Dickenson,10.4,35.1
51053,VA,Dinwiddie,11.4,32.7
51057,VA,Essex,14.1,32.7
51059,VA,Fairfax,6.2,20.3
51061,VA,Fauquier,10.3,25.5
51063,VA,Floyd,9.5,26.5
51065,VA,Fluvanna,11.1,27.6
51067,VA,Franklin,11.1,28.4
51069,VA,Frederick,9.3,31.7
51071,VA,Giles,10.6,30.3
51073,VA,Gloucester,11.1,34.5
51075,VA,Goochland,11.5,28.4
51077,VA,Grayson,11,30.3
51079,VA,Greene,9.9,27.9
51081,VA,Greensville,14.1,32.7
51083,VA,Halifax,15.9,32.4
51085,VA,Hanover,9.4,27.4
51087,VA,Henrico,9.7,27.5
51089,VA,Henry,15.1,32.3
51091,VA,Highland,12.4,26.3
51093,VA,Isle of Wight,12.6,29.3
51095,VA,James City,10.5,25.2
51097,VA,King and Queen,12.2,30.1
51099,VA,King George,9.3,28.3
51101,VA,King William,10.3,26.3
51103,VA,Lancaster,13.8,29.8
51105,VA,Lee,12.1,29.4
51107,VA,Loudoun,6.9,21.6
51109,VA,Louisa,10.9,32.4
51111,VA,Lunenburg,13.2,27.5
51113,VA,Madison,11.4,29.1
51115,VA,Mathews,11.9,27.8
51117,VA,Mecklenburg,13.7,30.9
51119,VA,Middlesex,12.4,26.2
51121,VA,Montgomery,6.8,24.2
51125,VA,Nelson,12.9,29.7
51127,VA,New Kent,9.9,28.2
51131,VA,Northampton,14.6,36.1
51133,VA,Northumberland,14.8,26.3
51135,VA,Nottoway,14,34
51137,VA,Orange,10.1,28.3
51139,VA,Page,10.9,28.3
51141,VA,Patrick,12.5,30.9
51143,VA,Pittsylvania,14.3,32
51145,VA,Powhatan,10.7,30
51147,VA,Prince Edward,11.4,32.1
51149,VA,Prince George,12.3,33.2
51153,VA,Prince William,7.9,25.5
51155,VA,Pulaski,13.7,33
51157,VA,Rappahannock,11.7,27.2
51159,VA,Richmond,11.6,29.9
51161,VA,Roanoke,11.5,26.6
51163,VA,Rockbridge,11.4,24.8
51165,VA,Rockingham,9.9,26.4
51167,VA,Russell,11.5,28.9
51169,VA,Scott,14.1,31.2
51171,VA,Shenandoah,10.5,26.6
51173,VA,Smyth,9.7,29.6
51175,VA,Southampton,12.6,31.1
51177,VA,Spotsylvania,12.6,32.7
51179,VA,Stafford,8.3,29.6
51181,VA,Surry,14,35.3
51183,VA,Sussex,13.5,35.9
51185,VA,Tazewell,15.3,30.3
51187,VA,Warren,10.6,29.2
51191,VA,Washington,13.1,30
51193,VA,Westmoreland,13.5,30.7
51195,VA,Wise,12.1,30.8
51197,VA,Wythe,12.1,31.3
51199,VA,York,9.5,26.1
51510,VA,Alexandria,6.2,20.1
51515,VA,Bedford,,
51520,VA,Bristol,10.5,27.3
51530,VA,Buena Vista,9.7,25.9
51540,VA,Charlottesville,8.3,25.9
51550,VA,Chesapeake,10.2,32.3
51570,VA,Colonial Heights,11.6,26.8
51580,VA,Covington,10.7,26.4
51590,VA,Danville,15.3,34.1
51595,VA,Emporia,13.4,29.7
51600,VA,Fairfax,7.5,21.8
51610,VA,Falls Church,10.2,27.5
51620,VA,Franklin,14.9,34.4
51630,VA,Fredericksburg,8.9,28.8
51640,VA,Galax,10.8,26
51650,VA,Hampton,12.4,34.8
51660,VA,Harrisonburg,6.7,24.8
51670,VA,Hopewell,13.6,31.8
51678,VA,Lexington,8.1,26
51680,VA,Lynchburg,11.3,27.1
51683,VA,Manassas,8.2,28.7
51685,VA,Manassas Park,7.9,28.3
51690,VA,Martinsville,12.8,33.5
51700,VA,Newport News,12.7,32.3
51710,VA,Norfolk,9.2,30.1
51720,VA,Norton,9.6,26.2
51730,VA,Petersburg,15.6,41.4
51735,VA,Poquoson,11.5,24.7
51740,VA,Portsmouth,14,37.2
51750,VA,Radford,6.9,29.6
51760,VA,Richmond,10.3,30
51770,VA,Roanoke,11.9,31.9
51775,VA,Salem,9.3,25.2
51790,VA,Staunton,10.2,27.1
51800,VA,Suffolk,10.9,31.9
51810,VA,Virginia Beach,8,27.9
51820,VA,Waynesboro,9.5,29.7
51830,VA,Williamsburg,8.9,26
51840,VA,Winchester,8.9,26.7
53001,WA,Adams,11,34.4
53003,WA,Asotin,12.9,33.4
53005,WA,Benton,9.5,31.5
53007,WA,Chelan,9.4,26.7
53009,WA,Clallam,11.4,26.3
53011,WA,Clark,9.6,29.9
53013,WA,Columbia,11.9,30
53015,WA,Cowlitz,11.8,32.1
53017,WA,Douglas,8.6,28.7
53019,WA,Ferry,10.7,28.1
53021,WA,Franklin,7.1,30.1
53023,WA,Garfield,14.4,33.1
53025,WA,Grant,9,34.3
53027,WA,Grays Harbor,11.6,36.9
53029,WA,Island,9.4,27.4
53031,WA,Jefferson,11.2,24.5
53033,WA,King,6.8,22.2
53035,WA,Kitsap,8.7,29.6
53037,WA,Kittitas,7.9,28.9
53039,WA,Klickitat,10.3,27.5
53041,WA,Lewis,9.5,32.8
53043,WA,Lincoln,10.4,31.2
53045,WA,Mason,11.1,30.5
53047,WA,Okanogan,10.5,28
53049,WA,Pacific,12.6,31.6
53051,WA,Pend Oreille,13.9,28.8
53053,WA,Pierce,9.4,30
53055,WA,San Juan,10.2,20.7
53057,WA,Skagit,9.1,26.4
53059,WA,Skamania,9.1,28.1
53061,WA,Snohomish,9.9,29.4
53063,WA,Spokane,9.3,29.2
53065,WA,Stevens,10.6,30.6
53067,WA,Thurston,8.8,28.1
53069,WA,Wahkiakum,12.8,31.4
53071,WA,Walla Walla,10.4,28
53073,WA,Whatcom,7.9,23.1
53075,WA,Whitman,6.6,22.9
53077,WA,Yakima,10.2,29.6
54001,WV,Barbour,15.3,37.6
54003,WV,Berkeley,10.5,34.3
54005,WV,Boone,15,35.4
54007,WV,Braxton,15.9,32.5
54009,WV,Brooke,16.1,39
54011,WV,Cabell,13.5,30.5
54013,WV,Calhoun,14,32.7
54015,WV,Clay,14.6,32.6
54017,WV,Doddridge,13,35.7
54019,WV,Fayette,14,35.6
54021,WV,Gilmer,11.8,39
54023,WV,Grant,15.7,38.9
54025,WV,Greenbrier,13.6,34.2
54027,WV,Hampshire,13.4,33.8
54029,WV,Hancock,12,34.8
54031,WV,Hardy,15.4,37
54033,WV,Harrison,14.3,33.7
54035,WV,Jackson,13.2,31.7
54037,WV,Jefferson,10.1,33.2
54039,WV,Kanawha,14.1,32.7
54041,WV,Lewis,14.2,35.9
54043,WV,Lincoln,15.7,39.9
54045,WV,Logan,17.5,40.7
54047,WV,McDowell,17.6,42.1
54049,WV,Marion,10.9,32.6
54051,WV,Marshall,14,35.2
54053,WV,Mason,13.2,36.1
54055,WV,Mercer,15.5,37.4
54057,WV,Mineral,14.1,34.5
54059,WV,Mingo,13.2,40.3
54061,WV,Monongalia,9.1,28.8
54063,WV,Monroe,13.7,30.9
54065,WV,Morgan,14.3,32.6
54067,WV,Nicholas,15.7,38.2
54069,WV,Ohio,12.2,31.4
54071,WV,Pendleton,14.3,36
54073,WV,Pleasants,13.7,38.8
54075,WV,Pocahontas,13.8,31.4
54077,WV,Preston,10.6,35.9
54079,WV,Putnam,11.7,34.6
54081,WV,Raleigh,15.2,35.6
54083,WV,Randolph,12.7,34.8
54085,WV,Ritchie,15.2,35.7
54087,WV,Roane,16.1,36.2
54089,WV,Summers,15.3,36.1
54091,WV,Taylor,11.8,37
54093,WV,Tucker,13.8,37.8
54095,WV,Tyler,13.7,32.6
54097,WV,Upshur,12.7,38.2
54099,WV,Wayne,16.5,37.7
54101,WV,Webster,16.7,34.7
54103,WV,Wetzel,13,33
54105,WV,Wirt,14.8,36.9
54107,WV,Wood,14,35.9
54109,WV,Wyoming,14.9,38.8
55001,WI,Adams,12.8,34
55003,WI,Ashland,11,27.3
55005,WI,Barron,9,31.6
55007,WI,Bayfield,9.5,28.7
55009,WI,Brown,9.3,28.4
55011,WI,Buffalo,10.2,32
55013,WI,Burnett,10.6,28.7
55015,WI,Calumet,8.1,31.3
55017,WI,Chippewa,8.2,30.2
55019,WI,Clark,8.8,34.1
55021,WI,Columbia,8,34.7
55023,WI,Crawford,9.5,33.1
55025,WI,Dane,6.3,23.7
55027,WI,Dodge,9.8,31.7
55029,WI,Door,10,27.5
55031,WI,Douglas,9.8,32.2
55033,WI,Dunn,9.4,32.3
55035,WI,Eau Claire,8,29.2
55037,WI,Florence,11.8,32
55039,WI,Fond du Lac,8.7,30.1
55041,WI,Forest,12.5,34.7
55043,WI,Grant,8.2,31.9
55045,WI,Green,10.5,31.4
55047,WI,Green Lake,11.4,34.6
55049,WI,Iowa,8.6,31.8
55051,WI,Iron,12.4,29.1
55053,WI,Jackson,9.8,32.6
55055,WI,Jefferson,7.7,29.4
55057,WI,Juneau,11.6,35.8
55059,WI,Kenosha,8.9,32.9
55061,WI,Kewaunee,9.5,33.5
55063,WI,La Crosse,8.1,28.3
55065,WI,Lafayette,9.3,35.3
55067,WI,Langlade,9.8,29.9
55069,WI,Lincoln,9.5,32.8
55071,WI,Manitowoc,8.6,30.8
55073,WI,Marathon,9.1,29.5
55075,WI,Marinette,11.5,35.3
55077,WI,Marquette,12.1,34.9
55078,WI,Menominee,13.9,42.5
55079,WI,Milwaukee,10.1,32.9
55081,WI,Monroe,8.9,33
55083,WI,Oconto,9.5,30.4
55085,WI,Oneida,10.1,32.8
55087,WI,Outagamie,8.5,30.1
55089,WI,Ozaukee,9.1,27.1
55091,WI,Pepin,11.7,34.2
55093,WI,Pierce,8.6,30.3
55095,WI,Polk,11,30.3
55097,WI,Portage,7.5,33.4
55099,WI,Price,12.3,34
55101,WI,Racine,10.6,32.9
55103,WI,Richland,9.5,31.8
55105,WI,Rock,10.2,36.9
55107,WI,Rusk,10.1,31.7
55109,WI,St. Croix,7.2,26.2
55111,WI,Sauk,10.7,32.5
55113,WI,Sawyer,11,29.7
55115,WI,Shawano,10.1,33.8
55117,WI,Sheboygan,9.7,29.4
55119,WI,Taylor,9,34.4
55121,WI,Trempealeau,8.9,29.6
55123,WI,Vernon,9,32.8
55125,WI,Vilas,12.2,27.7
55127,WI,Walworth,7.8,25.1
55129,WI,Washburn,10.5,30.8
55131,WI,Washington,8.2,29.2
55133,WI,Waukesha,7.9,27.5
55135,WI,Waupaca,9.9,28.5
55137,WI,Waushara,10.6,32.9
55139,WI,Winnebago,8.6,31.9
55141,WI,Wood,8.1,32.3
56001,WY,Albany,6.9,23.3
56003,WY,Big Horn,11.7,28.9
56005,WY,Campbell,7,34.3
56007,WY,Carbon,8.2,28.2
56009,WY,Converse,10.2,28.3
56011,WY,Crook,8.9,25.9
56013,WY,Fremont,9.6,28.3
56015,WY,Goshen,9,29.9
56017,WY,Hot Springs,11,27
56019,WY,Johnson,8.7,21.1
56021,WY,Laramie,10.1,29.7
56023,WY,Lincoln,8.6,25.6
56025,WY,Natrona,9,29.4
56027,WY,Niobrara,8.4,25.5
56029,WY,Park,8,25.5
56031,WY,Platte,8.8,28
56033,WY,Sheridan,9.8,23.3
56035,WY,Sublette,6.9,23.5
56037,WY,Sweetwater,8.1,31.7
56039,WY,Teton,4.8,12.7
56041,WY,Uinta,9,27.9
56043,WY,Washakie,12,27.7
56045,WY,Weston,10,29.2
