FIPS,State,County,FFR,FSR
1001,AL,Autauga,36,29
1003,AL,Baldwin,132,221
1005,AL,Barbour,22,15
1007,AL,Bibb,5,5
1009,AL,Blount,21,15
1011,AL,Bullock,3,1
1013,AL,Butler,17,10
1015,AL,Calhoun,103,77
1017,AL,Chambers,26,16
1019,AL,Cherokee,15,11
1021,AL,Chilton,20,18
1023,AL,Choctaw,6,5
1025,AL,Clarke,26,15
1027,AL,Clay,4,6
1029,AL,Cleburne,8,2
1031,AL,Coffee,34,28
1033,AL,Colbert,52,38
1035,AL,Conecuh,7,4
1037,AL,Coosa,1,0
1039,AL,Covington,24,18
1041,AL,Crenshaw,5,6
1043,AL,Cullman,53,48
1045,AL,Dale,34,30
1047,AL,Dallas,19,15
1049,AL,DeKalb,43,31
1051,AL,Elmore,45,38
1053,AL,Escambia,27,20
1055,AL,Etowah,79,57
1057,AL,Fayette,9,9
1059,AL,Franklin,18,16
1061,AL,Geneva,10,11
1063,AL,Greene,1,2
1065,AL,Hale,7,4
1067,AL,Henry,10,11
1069,AL,Houston,97,77
1071,AL,Jackson,29,25
1073,AL,Jefferson,642,376
1075,AL,Lamar,6,10
1077,AL,Lauderdale,72,70
1079,AL,Lawrence,16,17
1081,AL,Lee,128,109
1083,AL,Limestone,51,39
1085,AL,Lowndes,0,2
1087,AL,Macon,9,2
1089,AL,Madison,330,226
1091,AL,Marengo,19,9
1093,AL,Marion,17,20
1095,AL,Marshall,71,60
1097,AL,Mobile,253,217
1099,AL,Monroe,9,10
1101,AL,Montgomery,210,141
1103,AL,Morgan,99,67
1105,AL,Perry,1,6
1107,AL,Pickens,8,6
1109,AL,Pike,33,22
1111,AL,Randolph,9,7
1113,AL,Russell,44,21
1115,AL,St. Clair,49,44
1117,AL,Shelby,141,132
1119,AL,Sumter,7,6
1121,AL,Talladega,49,37
1123,AL,Tallapoosa,20,17
1125,AL,Tuscaloosa,161,110
1127,AL,Walker,41,34
1129,AL,Washington,3,6
1131,AL,Wilcox,5,5
1133,AL,Winston,10,15
2013,AK,Aleutians East,1,1
2016,AK,Aleutians West,0,2
2020,AK,Anchorage,204,231
2050,AK,Bethel,7,7
2060,AK,Bristol Bay,0,2
2068,AK,Denali,2,7
2070,AK,Dillingham,1,2
2090,AK,Fairbanks North Star,49,65
2100,AK,Haines,1,6
2105,AK,Hoonah-Angoon,2,3
2110,AK,Juneau,31,29
2122,AK,Kenai Peninsula,39,77
2130,AK,Ketchikan Gateway,12,12
2150,AK,Kodiak Island,7,11
2164,AK,Lake and Peninsula,0,0
2170,AK,Matanuska-Susitna,43,50
2180,AK,Nome,1,10
2185,AK,North Slope,2,5
2188,AK,Northwest Arctic,2,1
2195,AK,Petersburg,4,1
2198,AK,Prince of Wales-Hyder,3,2
2220,AK,Sitka,4,8
2230,AK,Skagway,2,10
2240,AK,Southeast Fairbanks,2,7
2261,AK,Valdez-Cordova,9,15
2270,AK,Wade Hampton,0,0
2275,AK,Wrangell,1,1
2282,AK,Yakutat,0,0
2290,AK,Yukon-Koyukuk,0,1
4001,AZ,Apache,16,18
4003,AZ,Cochise,61,96
4005,AZ,Coconino,120,162
4007,AZ,Gila,34,55
4009,AZ,Graham,16,12
4011,AZ,Greenlee,2,7
4012,AZ,La Paz,15,30
4013,AZ,Maricopa,2781,2384
4015,AZ,Mohave,114,129
4017,AZ,Navajo,54,78
4019,AZ,Pima,611,651
4021,AZ,Pinal,115,109
4023,AZ,Santa Cruz,27,40
4025,AZ,Yavapai,128,205
4027,AZ,Yuma,117,77
5001,AR,Arkansas,11,12
5003,AR,Ashley,15,6
5005,AR,Baxter,32,31
5007,AR,Benton,160,153
5009,AR,Boone,23,25
5011,AR,Bradley,6,6
5013,AR,Calhoun,2,3
5015,AR,Carroll,15,51
5017,AR,Chicot,5,2
5019,AR,Clark,19,11
5021,AR,Clay,9,8
5023,AR,Cleburne,16,24
5025,AR,Cleveland,1,1
5027,AR,Columbia,22,8
5029,AR,Conway,7,12
5031,AR,Craighead,76,70
5033,AR,Crawford,28,30
5035,AR,Crittenden,34,20
5037,AR,Cross,12,7
5039,AR,Dallas,3,6
5041,AR,Desha,9,11
5043,AR,Drew,15,13
5045,AR,Faulkner,79,70
5047,AR,Franklin,6,13
5049,AR,Fulton,4,4
5051,AR,Garland,85,100
5053,AR,Grant,6,9
5055,AR,Greene,28,22
5057,AR,Hempstead,11,13
5059,AR,Hot Spring,14,9
5061,AR,Howard,9,8
5063,AR,Independence,21,27
5065,AR,Izard,3,7
5067,AR,Jackson,9,8
5069,AR,Jefferson,56,32
5071,AR,Johnson,11,11
5073,AR,Lafayette,3,1
5075,AR,Lawrence,6,11
5077,AR,Lee,3,1
5079,AR,Lincoln,5,6
5081,AR,Little River,6,3
5083,AR,Logan,13,9
5085,AR,Lonoke,38,31
5087,AR,Madison,3,11
5089,AR,Marion,5,11
5091,AR,Miller,24,22
5093,AR,Mississippi,32,24
5095,AR,Monroe,5,5
5097,AR,Montgomery,4,6
5099,AR,Nevada,3,2
5101,AR,Newton,1,5
5103,AR,Ouachita,16,9
5105,AR,Perry,1,4
5107,AR,Phillips,7,9
5109,AR,Pike,5,8
5111,AR,Poinsett,17,13
5113,AR,Polk,8,19
5115,AR,Pope,52,34
5117,AR,Prairie,1,4
5119,AR,Pulaski,344,347
5121,AR,Randolph,8,10
5123,AR,St. Francis,10,12
5125,AR,Saline,64,39
5127,AR,Scott,4,5
5129,AR,Searcy,4,3
5131,AR,Sebastian,96,100
5133,AR,Sevier,7,11
5135,AR,Sharp,9,17
5137,AR,Stone,10,8
5139,AR,Union,27,28
5141,AR,Van Buren,6,12
5143,AR,Washington,157,193
5145,AR,White,60,46
5147,AR,Woodruff,4,2
5149,AR,Yell,9,5
6001,CA,Alameda,1236,1556
6003,CA,Alpine,2,1
6005,CA,Amador,14,40
6007,CA,Butte,149,140
6009,CA,Calaveras,29,38
6011,CA,Colusa,9,15
6013,CA,Contra Costa,644,752
6015,CA,Del Norte,10,21
6017,CA,El Dorado,108,174
6019,CA,Fresno,599,511
6021,CA,Glenn,14,15
6023,CA,Humboldt,92,134
6025,CA,Imperial,101,78
6027,CA,Inyo,14,30
6029,CA,Kern,550,438
6031,CA,Kings,87,45
6033,CA,Lake,33,42
6035,CA,Lassen,13,15
6037,CA,Los Angeles,7798,7821
6039,CA,Madera,78,53
6041,CA,Marin,185,314
6043,CA,Mariposa,8,13
6045,CA,Mendocino,52,111
6047,CA,Merced,129,92
6049,CA,Modoc,3,8
6051,CA,Mono,17,37
6053,CA,Monterey,252,374
6055,CA,Napa,79,143
6057,CA,Nevada,62,92
6059,CA,Orange,2790,2699
6061,CA,Placer,311,306
6063,CA,Plumas,10,38
6065,CA,Riverside,1426,1178
6067,CA,Sacramento,1009,969
6069,CA,San Benito,27,34
6071,CA,San Bernardino,1434,1013
6073,CA,San Diego,2632,2472
6075,CA,San Francisco,924,1893
6077,CA,San Joaquin,442,357
6079,CA,San Luis Obispo,222,327
6081,CA,San Mateo,552,779
6083,CA,Santa Barbara,326,395
6085,CA,Santa Clara,1434,1648
6087,CA,Santa Cruz,178,265
6089,CA,Shasta,125,120
6091,CA,Sierra,1,3
6093,CA,Siskiyou,28,47
6095,CA,Solano,280,240
6097,CA,Sonoma,295,512
6099,CA,Stanislaus,337,288
6101,CA,Sutter,64,44
6103,CA,Tehama,34,34
6105,CA,Trinity,10,12
6107,CA,Tulare,228,206
6109,CA,Tuolumne,29,53
6111,CA,Ventura,604,590
6113,CA,Yolo,144,148
6115,CA,Yuba,29,23
8001,CO,Adams,316,225
8003,CO,Alamosa,14,15
8005,CO,Arapahoe,457,466
8007,CO,Archuleta,7,25
8009,CO,Baca,1,1
8011,CO,Bent,1,2
8013,CO,Boulder,258,345
8014,CO,Broomfield,68,47
8015,CO,Chaffee,17,41
8017,CO,Cheyenne,0,2
8019,CO,Clear Creek,11,20
8021,CO,Conejos,1,3
8023,CO,Costilla,0,4
8025,CO,Crowley,0,1
8027,CO,Custer,1,9
8029,CO,Delta,16,35
8031,CO,Denver,582,819
8033,CO,Dolores,0,5
8035,CO,Douglas,204,189
8037,CO,Eagle,46,128
8039,CO,Elbert,7,13
8041,CO,El Paso,451,394
8043,CO,Fremont,15,36
8045,CO,Garfield,46,83
8047,CO,Gilpin,0,2
8049,CO,Grand,16,53
8051,CO,Gunnison,14,49
8053,CO,Hinsdale,0,6
8055,CO,Huerfano,4,7
8057,CO,Jackson,0,2
8059,CO,Jefferson,424,455
8061,CO,Kiowa,0,2
8063,CO,Kit Carson,8,7
8065,CO,Lake,5,10
8067,CO,La Plata,46,68
8069,CO,Larimer,252,283
8071,CO,Las Animas,11,12
8073,CO,Lincoln,3,8
8075,CO,Logan,13,15
8077,CO,Mesa,91,98
8079,CO,Mineral,1,5
8081,CO,Moffat,5,15
8083,CO,Montezuma,14,37
8085,CO,Montrose,22,31
8087,CO,Morgan,11,25
8089,CO,Otero,11,17
8091,CO,Ouray,6,18
8093,CO,Park,5,15
8095,CO,Phillips,2,8
8097,CO,Pitkin,19,77
8099,CO,Prowers,10,6
8101,CO,Pueblo,97,129
8103,CO,Rio Blanco,5,9
8105,CO,Rio Grande,5,12
8107,CO,Routt,25,69
8109,CO,Saguache,1,4
8111,CO,San Juan,4,10
8113,CO,San Miguel,12,30
8115,CO,Sedgwick,1,4
8117,CO,Summit,48,118
8119,CO,Teller,14,21
8121,CO,Washington,2,2
8123,CO,Weld,149,153
8125,CO,Yuma,2,13
9001,CT,Fairfield,659,967
9003,CT,Hartford,599,784
9005,CT,Litchfield,96,198
9007,CT,Middlesex,106,176
9009,CT,New Haven,652,760
9011,CT,New London,188,275
9013,CT,Tolland,67,95
9015,CT,Windham,62,82
10001,DE,Kent,88,87
10003,DE,New Castle,385,393
10005,DE,Sussex,142,291
11001,DC,District of Columbia,839,806
12001,FL,Alachua,193,193
12003,FL,Baker,16,13
12005,FL,Bay,136,191
12007,FL,Bradford,16,11
12009,FL,Brevard,343,480
12011,FL,Broward,1286,1477
12013,FL,Calhoun,7,8
12015,FL,Charlotte,74,126
12017,FL,Citrus,47,85
12019,FL,Clay,119,100
12021,FL,Collier,185,405
12023,FL,Columbia,40,41
12027,FL,DeSoto,11,11
12029,FL,Dixie,8,4
12031,FL,Duval,739,696
12033,FL,Escambia,188,203
12035,FL,Flagler,37,73
12037,FL,Franklin,5,22
12039,FL,Gadsden,19,14
12041,FL,Gilchrist,6,4
12043,FL,Glades,2,3
12045,FL,Gulf,7,11
12047,FL,Hamilton,7,3
12049,FL,Hardee,9,8
12051,FL,Hendry,22,16
12053,FL,Hernando,82,107
12055,FL,Highlands,40,56
12057,FL,Hillsborough,837,875
12059,FL,Holmes,4,10
12061,FL,Indian River,78,117
12063,FL,Jackson,27,25
12065,FL,Jefferson,6,5
12067,FL,Lafayette,2,2
12069,FL,Lake,141,208
12071,FL,Lee,355,603
12073,FL,Leon,254,217
12075,FL,Levy,17,25
12077,FL,Liberty,0,4
12079,FL,Madison,9,6
12081,FL,Manatee,180,270
12083,FL,Marion,162,176
12085,FL,Martin,103,177
12086,FL,Miami-Dade,1640,2031
12087,FL,Monroe,70,216
12089,FL,Nassau,49,66
12091,FL,Okaloosa,149,202
12093,FL,Okeechobee,17,26
12095,FL,Orange,948,1049
12097,FL,Osceola,185,215
12099,FL,Palm Beach,910,1174
12101,FL,Pasco,190,268
12103,FL,Pinellas,613,868
12105,FL,Polk,290,297
12107,FL,Putnam,28,28
12109,FL,St. Johns,133,211
12111,FL,St. Lucie,138,157
12113,FL,Santa Rosa,83,71
12115,FL,Sarasota,184,455
12117,FL,Seminole,307,333
12119,FL,Sumter,27,65
12121,FL,Suwannee,22,16
12123,FL,Taylor,10,9
12125,FL,Union,3,1
12127,FL,Volusia,269,445
12129,FL,Wakulla,10,21
12131,FL,Walton,45,110
12133,FL,Washington,17,11
13001,GA,Appling,13,9
13003,GA,Atkinson,4,1
13005,GA,Bacon,7,4
13007,GA,Baker,0,0
13009,GA,Baldwin,40,30
13011,GA,Banks,14,17
13013,GA,Barrow,40,29
13015,GA,Bartow,58,65
13017,GA,Ben Hill,14,11
13019,GA,Berrien,9,8
13021,GA,Bibb,173,114
13023,GA,Bleckley,5,4
13025,GA,Brantley,6,3
13027,GA,Brooks,7,5
13029,GA,Bryan,27,26
13031,GA,Bulloch,56,51
13033,GA,Burke,8,9
13035,GA,Butts,12,11
13037,GA,Calhoun,1,5
13039,GA,Camden,35,44
13043,GA,Candler,12,6
13045,GA,Carroll,81,85
13047,GA,Catoosa,46,29
13049,GA,Charlton,6,4
13051,GA,Chatham,289,326
13053,GA,Chattahoochee,2,1
13055,GA,Chattooga,10,9
13057,GA,Cherokee,148,141
13059,GA,Clarke,120,126
13061,GA,Clay,0,2
13063,GA,Clayton,189,86
13065,GA,Clinch,5,2
13067,GA,Cobb,603,550
13069,GA,Coffee,29,15
13071,GA,Colquitt,26,20
13073,GA,Columbia,72,83
13075,GA,Cook,13,5
13077,GA,Coweta,66,66
13079,GA,Crawford,1,2
13081,GA,Crisp,18,13
13083,GA,Dade,8,7
13085,GA,Dawson,17,14
13087,GA,Decatur,21,15
13089,GA,DeKalb,595,548
13091,GA,Dodge,13,5
13093,GA,Dooly,6,2
13095,GA,Dougherty,92,58
13097,GA,Douglas,85,73
13099,GA,Early,5,14
13101,GA,Echols,0,1
13103,GA,Effingham,24,22
13105,GA,Elbert,11,5
13107,GA,Emanuel,12,15
13109,GA,Evans,5,6
13111,GA,Fannin,20,25
13113,GA,Fayette,95,91
13115,GA,Floyd,75,60
13117,GA,Forsyth,130,130
13119,GA,Franklin,15,18
13121,GA,Fulton,1147,1110
13123,GA,Gilmer,21,27
13125,GA,Glascock,0,1
13127,GA,Glynn,90,101
13129,GA,Gordon,35,27
13131,GA,Grady,16,5
13133,GA,Greene,7,16
13135,GA,Gwinnett,673,672
13137,GA,Habersham,30,28
13139,GA,Hall,111,108
13141,GA,Hancock,7,2
13143,GA,Haralson,19,18
13145,GA,Harris,8,13
13147,GA,Hart,12,11
13149,GA,Heard,4,2
13151,GA,Henry,152,121
13153,GA,Houston,125,78
13155,GA,Irwin,4,3
13157,GA,Jackson,34,31
13159,GA,Jasper,3,7
13161,GA,Jeff Davis,8,4
13163,GA,Jefferson,11,7
13165,GA,Jenkins,6,3
13167,GA,Johnson,6,2
13169,GA,Jones,7,14
13171,GA,Lamar,8,9
13173,GA,Lanier,4,5
13175,GA,Laurens,39,35
13177,GA,Lee,13,7
13179,GA,Liberty,43,27
13181,GA,Lincoln,3,5
13183,GA,Long,3,2
13185,GA,Lowndes,109,86
13187,GA,Lumpkin,27,23
13189,GA,McDuffie,15,13
13191,GA,McIntosh,10,14
13193,GA,Macon,7,2
13195,GA,Madison,10,5
13197,GA,Marion,4,2
13199,GA,Meriwether,10,13
13201,GA,Miller,1,4
13205,GA,Mitchell,15,9
13207,GA,Monroe,13,13
13209,GA,Montgomery,4,1
13211,GA,Morgan,15,19
13213,GA,Murray,25,6
13215,GA,Muscogee,195,123
13217,GA,Newton,59,37
13219,GA,Oconee,33,21
13221,GA,Oglethorpe,4,0
13223,GA,Paulding,63,56
13225,GA,Peach,19,12
13227,GA,Pickens,14,24
13229,GA,Pierce,13,6
13231,GA,Pike,4,5
13233,GA,Polk,29,24
13235,GA,Pulaski,11,5
13237,GA,Putnam,7,15
13239,GA,Quitman,0,0
13241,GA,Rabun,17,27
13243,GA,Randolph,4,4
13245,GA,Richmond,158,130
13247,GA,Rockdale,72,59
13249,GA,Schley,2,1
13251,GA,Screven,5,6
13253,GA,Seminole,4,4
13255,GA,Spalding,54,36
13257,GA,Stephens,15,14
13259,GA,Stewart,0,1
13261,GA,Sumter,21,16
13263,GA,Talbot,1,1
13265,GA,Taliaferro,0,1
13267,GA,Tattnall,6,4
13269,GA,Taylor,6,1
13271,GA,Telfair,7,5
13273,GA,Terrell,6,3
13275,GA,Thomas,37,32
13277,GA,Tift,39,30
13279,GA,Toombs,26,19
13281,GA,Towns,7,10
13283,GA,Treutlen,3,3
13285,GA,Troup,53,50
13287,GA,Turner,8,5
13289,GA,Twiggs,1,1
13291,GA,Union,18,19
13293,GA,Upson,18,13
13295,GA,Walker,23,21
13297,GA,Walton,50,34
13299,GA,Ware,29,20
13301,GA,Warren,1,0
13303,GA,Washington,12,11
13305,GA,Wayne,21,21
13307,GA,Webster,0,0
13309,GA,Wheeler,1,2
13311,GA,White,22,33
13313,GA,Whitfield,82,58
13315,GA,Wilcox,2,2
13317,GA,Wilkes,4,7
13319,GA,Wilkinson,1,5
13321,GA,Worth,7,5
15001,HI,Hawaii,145,149
15003,HI,Honolulu,917,799
15005,HI,Kalawao,0,0
15007,HI,Kauai,64,93
15009,HI,Maui,123,190
16001,ID,Ada,307,332
16003,ID,Adams,1,7
16005,ID,Bannock,63,55
16007,ID,Bear Lake,3,6
16009,ID,Benewah,7,5
16011,ID,Bingham,14,19
16013,ID,Blaine,23,57
16015,ID,Boise,1,13
16017,ID,Bonner,24,41
16019,ID,Bonneville,73,79
16021,ID,Boundary,6,11
16023,ID,Butte,2,2
16025,ID,Camas,2,2
16027,ID,Canyon,109,80
16029,ID,Caribou,2,4
16031,ID,Cassia,19,19
16033,ID,Clark,0,1
16035,ID,Clearwater,3,9
16037,ID,Custer,4,9
16039,ID,Elmore,11,21
16041,ID,Franklin,7,6
16043,ID,Fremont,5,8
16045,ID,Gem,10,10
16047,ID,Gooding,7,10
16049,ID,Idaho,5,19
16051,ID,Jefferson,11,11
16053,ID,Jerome,10,15
16055,ID,Kootenai,99,116
16057,ID,Latah,29,31
16059,ID,Lemhi,3,14
16061,ID,Lewis,4,2
16063,ID,Lincoln,0,4
16065,ID,Madison,28,14
16067,ID,Minidoka,5,12
16069,ID,Nez Perce,28,29
16071,ID,Oneida,5,4
16073,ID,Owyhee,7,10
16075,ID,Payette,12,7
16077,ID,Power,2,3
16079,ID,Shoshone,8,16
16081,ID,Teton,5,21
16083,ID,Twin Falls,63,57
16085,ID,Valley,8,26
16087,ID,Washington,6,9
17001,IL,Adams,32,57
17003,IL,Alexander,0,4
17005,IL,Bond,7,13
17007,IL,Boone,26,18
17009,IL,Brown,3,2
17011,IL,Bureau,12,28
17013,IL,Calhoun,1,12
17015,IL,Carroll,10,13
17017,IL,Cass,8,8
17019,IL,Champaign,172,176
17021,IL,Christian,17,27
17023,IL,Clark,15,15
17025,IL,Clay,8,10
17027,IL,Clinton,18,37
17029,IL,Coles,39,44
17031,IL,Cook,4381,3813
17033,IL,Crawford,12,11
17035,IL,Cumberland,3,5
17037,IL,DeKalb,75,70
17039,IL,De Witt,8,14
17041,IL,Douglas,17,20
17043,IL,DuPage,843,698
17045,IL,Edgar,8,14
17047,IL,Edwards,5,3
17049,IL,Effingham,34,26
17051,IL,Fayette,7,23
17053,IL,Ford,6,20
17055,IL,Franklin,22,32
17057,IL,Fulton,20,35
17059,IL,Gallatin,0,5
17061,IL,Greene,4,9
17063,IL,Grundy,38,26
17065,IL,Hamilton,3,4
17067,IL,Hancock,10,5
17069,IL,Hardin,0,6
17071,IL,Henderson,2,3
17073,IL,Henry,23,38
17075,IL,Iroquois,21,17
17077,IL,Jackson,36,48
17079,IL,Jasper,5,4
17081,IL,Jefferson,30,25
17083,IL,Jersey,13,21
17085,IL,Jo Daviess,9,40
17087,IL,Johnson,5,6
17089,IL,Kane,325,315
17091,IL,Kankakee,77,67
17093,IL,Kendall,71,56
17095,IL,Knox,39,41
17097,IL,Lake,545,486
17099,IL,LaSalle,69,126
17101,IL,Lawrence,6,12
17103,IL,Lee,13,32
17105,IL,Livingston,20,32
17107,IL,Logan,14,21
17109,IL,McDonough,24,29
17111,IL,McHenry,214,215
17113,IL,McLean,127,121
17115,IL,Macon,63,82
17117,IL,Macoupin,20,35
17119,IL,Madison,187,206
17121,IL,Marion,24,27
17123,IL,Marshall,5,11
17125,IL,Mason,7,11
17127,IL,Massac,5,7
17129,IL,Menard,2,8
17131,IL,Mercer,5,12
17133,IL,Monroe,22,29
17135,IL,Montgomery,20,26
17137,IL,Morgan,22,26
17139,IL,Moultrie,2,9
17141,IL,Ogle,29,38
17143,IL,Peoria,135,155
17145,IL,Perry,10,18
17147,IL,Piatt,6,11
17149,IL,Pike,5,12
17151,IL,Pope,0,2
17153,IL,Pulaski,2,2
17155,IL,Putnam,0,10
17157,IL,Randolph,19,24
17159,IL,Richland,16,7
17161,IL,Rock Island,109,124
17163,IL,St. Clair,191,165
17165,IL,Saline,17,16
17167,IL,Sangamon,154,179
17169,IL,Schuyler,3,4
17171,IL,Scott,2,6
17173,IL,Shelby,7,18
17175,IL,Stark,0,2
17177,IL,Stephenson,27,31
17179,IL,Tazewell,109,103
17181,IL,Union,13,12
17183,IL,Vermilion,42,50
17185,IL,Wabash,10,6
17187,IL,Warren,8,11
17189,IL,Washington,10,8
17191,IL,Wayne,5,14
17193,IL,White,8,11
17195,IL,Whiteside,30,49
17197,IL,Will,477,327
17199,IL,Williamson,42,47
17201,IL,Winnebago,202,208
17203,IL,Woodford,19,25
18001,IN,Adams,16,21
18003,IN,Allen,240,257
18005,IN,Bartholomew,71,56
18007,IN,Benton,5,2
18009,IN,Blackford,5,6
18011,IN,Boone,38,46
18013,IN,Brown,4,12
18015,IN,Carroll,13,13
18017,IN,Cass,31,19
18019,IN,Clark,85,73
18021,IN,Clay,14,16
18023,IN,Clinton,21,16
18025,IN,Crawford,1,11
18027,IN,Daviess,19,16
18029,IN,Dearborn,25,25
18031,IN,Decatur,22,18
18033,IN,DeKalb,27,32
18035,IN,Delaware,77,70
18037,IN,Dubois,39,42
18039,IN,Elkhart,138,113
18041,IN,Fayette,23,11
18043,IN,Floyd,67,41
18045,IN,Fountain,7,13
18047,IN,Franklin,15,14
18049,IN,Fulton,13,20
18051,IN,Gibson,20,30
18053,IN,Grant,49,36
18055,IN,Greene,22,23
18057,IN,Hamilton,219,211
18059,IN,Hancock,45,29
18061,IN,Harrison,19,15
18063,IN,Hendricks,120,113
18065,IN,Henry,25,18
18067,IN,Howard,77,52
18069,IN,Huntington,31,30
18071,IN,Jackson,34,27
18073,IN,Jasper,21,24
18075,IN,Jay,9,13
18077,IN,Jefferson,19,28
18079,IN,Jennings,11,10
18081,IN,Johnson,125,105
18083,IN,Knox,25,34
18085,IN,Kosciusko,54,64
18087,IN,LaGrange,8,26
18089,IN,Lake,405,298
18091,IN,LaPorte,70,89
18093,IN,Lawrence,22,18
18095,IN,Madison,77,86
18097,IN,Marion,832,689
18099,IN,Marshall,43,29
18101,IN,Martin,9,9
18103,IN,Miami,22,19
18105,IN,Monroe,111,122
18107,IN,Montgomery,27,20
18109,IN,Morgan,38,31
18111,IN,Newton,10,11
18113,IN,Noble,26,24
18115,IN,Ohio,2,2
18117,IN,Orange,14,14
18119,IN,Owen,7,7
18121,IN,Parke,5,8
18123,IN,Perry,14,16
18125,IN,Pike,5,7
18127,IN,Porter,111,117
18129,IN,Posey,10,16
18131,IN,Pulaski,9,8
18133,IN,Putnam,23,15
18135,IN,Randolph,8,21
18137,IN,Ripley,15,20
18139,IN,Rush,10,11
18141,IN,St. Joseph,211,185
18143,IN,Scott,19,10
18145,IN,Shelby,23,30
18147,IN,Spencer,10,4
18149,IN,Starke,8,12
18151,IN,Steuben,21,41
18153,IN,Sullivan,11,15
18155,IN,Switzerland,5,6
18157,IN,Tippecanoe,137,130
18159,IN,Tipton,10,6
18161,IN,Union,4,2
18163,IN,Vanderburgh,161,138
18165,IN,Vermillion,7,10
18167,IN,Vigo,93,92
18169,IN,Wabash,26,21
18171,IN,Warren,0,3
18173,IN,Warrick,29,28
18175,IN,Washington,10,14
18177,IN,Wayne,43,56
18179,IN,Wells,13,17
18181,IN,White,18,21
18183,IN,Whitley,20,23
19001,IA,Adair,3,5
19003,IA,Adams,2,3
19005,IA,Allamakee,3,20
19007,IA,Appanoose,8,9
19009,IA,Audubon,1,3
19011,IA,Benton,6,12
19013,IA,Black Hawk,80,100
19015,IA,Boone,8,16
19017,IA,Bremer,13,25
19019,IA,Buchanan,7,10
19021,IA,Buena Vista,9,14
19023,IA,Butler,1,10
19025,IA,Calhoun,4,7
19027,IA,Carroll,15,21
19029,IA,Cass,9,15
19031,IA,Cedar,9,13
19033,IA,Cerro Gordo,38,46
19035,IA,Cherokee,9,7
19037,IA,Chickasaw,5,12
19039,IA,Clarke,4,6
19041,IA,Clay,20,17
19043,IA,Clayton,13,27
19045,IA,Clinton,25,35
19047,IA,Crawford,9,14
19049,IA,Dallas,41,57
19051,IA,Davis,4,4
19053,IA,Decatur,5,2
19055,IA,Delaware,5,17
19057,IA,Des Moines,32,31
19059,IA,Dickinson,18,36
19061,IA,Dubuque,72,76
19063,IA,Emmet,6,10
19065,IA,Fayette,7,20
19067,IA,Floyd,6,15
19069,IA,Franklin,5,8
19071,IA,Fremont,3,7
19073,IA,Greene,8,7
19075,IA,Grundy,3,15
19077,IA,Guthrie,5,7
19079,IA,Hamilton,4,10
19081,IA,Hancock,3,6
19083,IA,Hardin,6,15
19085,IA,Harrison,7,10
19087,IA,Henry,9,16
19089,IA,Howard,3,8
19091,IA,Humboldt,4,9
19093,IA,Ida,2,5
19095,IA,Iowa,7,14
19097,IA,Jackson,5,27
19099,IA,Jasper,19,15
19101,IA,Jefferson,11,18
19103,IA,Johnson,106,141
19105,IA,Jones,5,22
19107,IA,Keokuk,4,6
19109,IA,Kossuth,10,16
19111,IA,Lee,19,33
19113,IA,Linn,160,184
19115,IA,Louisa,3,7
19117,IA,Lucas,3,7
19119,IA,Lyon,5,7
19121,IA,Madison,3,10
19123,IA,Mahaska,9,13
19125,IA,Marion,19,24
19127,IA,Marshall,22,21
19129,IA,Mills,2,6
19131,IA,Mitchell,4,10
19133,IA,Monona,5,7
19135,IA,Monroe,3,10
19137,IA,Montgomery,6,11
19139,IA,Muscatine,34,29
19141,IA,O'Brien,10,13
19143,IA,Osceola,2,4
19145,IA,Page,8,14
19147,IA,Palo Alto,7,9
19149,IA,Plymouth,12,19
19151,IA,Pocahontas,3,4
19153,IA,Polk,334,366
19155,IA,Pottawattamie,70,55
19157,IA,Poweshiek,9,23
19159,IA,Ringgold,3,5
19161,IA,Sac,2,16
19163,IA,Scott,127,124
19165,IA,Shelby,6,7
19167,IA,Sioux,23,29
19169,IA,Story,66,69
19171,IA,Tama,6,15
19173,IA,Taylor,0,6
19175,IA,Union,5,12
19177,IA,Van Buren,2,4
19179,IA,Wapello,23,22
19181,IA,Warren,21,18
19183,IA,Washington,10,18
19185,IA,Wayne,1,6
19187,IA,Webster,27,24
19189,IA,Winnebago,4,12
19191,IA,Winneshiek,8,19
19193,IA,Woodbury,95,79
19195,IA,Worth,3,4
19197,IA,Wright,8,15
20001,KS,Allen,5,9
20003,KS,Anderson,4,8
20005,KS,Atchison,12,12
20007,KS,Barber,4,5
20009,KS,Barton,19,23
20011,KS,Bourbon,9,11
20013,KS,Brown,5,11
20015,KS,Butler,51,32
20017,KS,Chase,0,3
20019,KS,Chautauqua,0,5
20021,KS,Cherokee,11,15
20023,KS,Cheyenne,1,4
20025,KS,Clark,1,3
20027,KS,Clay,4,11
20029,KS,Cloud,5,8
20031,KS,Coffey,6,8
20033,KS,Comanche,1,3
20035,KS,Cowley,16,19
20037,KS,Crawford,20,38
20039,KS,Decatur,1,2
20041,KS,Dickinson,11,15
20043,KS,Doniphan,1,5
20045,KS,Douglas,99,104
20047,KS,Edwards,1,3
20049,KS,Elk,0,6
20051,KS,Ellis,32,28
20053,KS,Ellsworth,3,6
20055,KS,Finney,23,26
20057,KS,Ford,16,28
20059,KS,Franklin,15,21
20061,KS,Geary,26,23
20063,KS,Gove,3,3
20065,KS,Graham,2,2
20067,KS,Grant,5,6
20069,KS,Gray,1,3
20071,KS,Greeley,0,0
20073,KS,Greenwood,1,7
20075,KS,Hamilton,1,2
20077,KS,Harper,3,7
20079,KS,Harvey,24,19
20081,KS,Haskell,1,5
20083,KS,Hodgeman,1,1
20085,KS,Jackson,5,11
20087,KS,Jefferson,4,9
20089,KS,Jewell,2,3
20091,KS,Johnson,415,447
20093,KS,Kearny,2,3
20095,KS,Kingman,3,4
20097,KS,Kiowa,0,1
20099,KS,Labette,10,19
20101,KS,Lane,1,1
20103,KS,Leavenworth,35,34
20105,KS,Lincoln,0,3
20107,KS,Linn,2,6
20109,KS,Logan,1,5
20111,KS,Lyon,20,30
20113,KS,McPherson,18,20
20115,KS,Marion,4,13
20117,KS,Marshall,5,9
20119,KS,Meade,2,5
20121,KS,Miami,15,23
20123,KS,Mitchell,4,7
20125,KS,Montgomery,28,25
20127,KS,Morris,5,6
20129,KS,Morton,3,2
20131,KS,Nemaha,3,13
20133,KS,Neosho,6,13
20135,KS,Ness,2,3
20137,KS,Norton,2,4
20139,KS,Osage,4,13
20141,KS,Osborne,1,2
20143,KS,Ottawa,1,5
20145,KS,Pawnee,3,4
20147,KS,Phillips,5,6
20149,KS,Pottawatomie,11,15
20151,KS,Pratt,9,12
20153,KS,Rawlins,0,2
20155,KS,Reno,57,32
20157,KS,Republic,2,4
20159,KS,Rice,7,7
20161,KS,Riley,46,48
20163,KS,Rooks,3,6
20165,KS,Rush,2,4
20167,KS,Russell,5,4
20169,KS,Saline,55,29
20171,KS,Scott,5,6
20173,KS,Sedgwick,438,353
20175,KS,Seward,11,17
20177,KS,Shawnee,142,96
20179,KS,Sheridan,1,2
20181,KS,Sherman,9,8
20183,KS,Smith,3,4
20185,KS,Stafford,0,6
20187,KS,Stanton,1,2
20189,KS,Stevens,4,7
20191,KS,Sumner,11,20
20193,KS,Thomas,6,6
20195,KS,Trego,3,4
20197,KS,Wabaunsee,2,4
20199,KS,Wallace,0,0
20201,KS,Washington,1,8
20203,KS,Wichita,1,3
20205,KS,Wilson,5,10
20207,KS,Woodson,2,4
20209,KS,Wyandotte,104,81
21001,KY,Adair,6,11
21003,KY,Allen,9,6
21005,KY,Anderson,19,8
21007,KY,Ballard,4,7
21009,KY,Barren,37,36
21011,KY,Bath,5,4
21013,KY,Bell,24,11
21015,KY,Boone,120,102
21017,KY,Bourbon,13,12
21019,KY,Boyd,61,29
21021,KY,Boyle,23,20
21023,KY,Bracken,4,6
21025,KY,Breathitt,5,4
21027,KY,Breckinridge,3,9
21029,KY,Bullitt,39,20
21031,KY,Butler,6,4
21033,KY,Caldwell,10,10
21035,KY,Calloway,26,40
21037,KY,Campbell,71,75
21039,KY,Carlisle,2,3
21041,KY,Carroll,13,7
21043,KY,Carter,18,14
21045,KY,Casey,3,6
21047,KY,Christian,43,32
21049,KY,Clark,32,14
21051,KY,Clay,11,6
21053,KY,Clinton,6,6
21055,KY,Crittenden,6,3
21057,KY,Cumberland,4,4
21059,KY,Daviess,77,67
21061,KY,Edmonson,3,6
21063,KY,Elliott,2,1
21065,KY,Estill,8,6
21067,KY,Fayette,311,276
21069,KY,Fleming,5,2
21071,KY,Floyd,26,14
21073,KY,Franklin,47,34
21075,KY,Fulton,3,6
21077,KY,Gallatin,3,3
21079,KY,Garrard,3,7
21081,KY,Grant,15,13
21083,KY,Graves,18,25
21085,KY,Grayson,17,9
21087,KY,Green,7,3
21089,KY,Greenup,21,8
21091,KY,Hancock,3,1
21093,KY,Hardin,66,65
21095,KY,Harlan,18,6
21097,KY,Harrison,10,10
21099,KY,Hart,6,7
21101,KY,Henderson,35,28
21103,KY,Henry,8,6
21105,KY,Hickman,1,0
21107,KY,Hopkins,29,27
21109,KY,Jackson,4,1
21111,KY,Jefferson,658,568
21113,KY,Jessamine,35,28
21115,KY,Johnson,21,11
21117,KY,Kenton,98,113
21119,KY,Knott,5,2
21121,KY,Knox,19,11
21123,KY,Larue,8,5
21125,KY,Laurel,39,30
21127,KY,Lawrence,8,5
21129,KY,Lee,4,2
21131,KY,Leslie,2,2
21133,KY,Letcher,15,5
21135,KY,Lewis,5,3
21137,KY,Lincoln,9,5
21139,KY,Livingston,4,5
21141,KY,Logan,14,18
21143,KY,Lyon,3,7
21145,KY,McCracken,70,72
21147,KY,McCreary,6,4
21149,KY,McLean,8,6
21151,KY,Madison,63,45
21153,KY,Magoffin,8,2
21155,KY,Marion,14,10
21157,KY,Marshall,21,25
21159,KY,Martin,8,2
21161,KY,Mason,13,16
21163,KY,Meade,11,8
21165,KY,Menifee,1,1
21167,KY,Mercer,12,11
21169,KY,Metcalfe,2,7
21171,KY,Monroe,11,7
21173,KY,Montgomery,17,11
21175,KY,Morgan,4,3
21177,KY,Muhlenberg,21,17
21179,KY,Nelson,24,23
21181,KY,Nicholas,0,5
21183,KY,Ohio,12,12
21185,KY,Oldham,33,21
21187,KY,Owen,5,3
21189,KY,Owsley,1,0
21191,KY,Pendleton,6,5
21193,KY,Perry,21,19
21195,KY,Pike,47,25
21197,KY,Powell,12,3
21199,KY,Pulaski,43,34
21201,KY,Robertson,0,0
21203,KY,Rockcastle,9,8
21205,KY,Rowan,20,10
21207,KY,Russell,9,13
21209,KY,Scott,32,32
21211,KY,Shelby,28,23
21213,KY,Simpson,18,12
21215,KY,Spencer,10,1
21217,KY,Taylor,19,11
21219,KY,Todd,5,5
21221,KY,Trigg,6,8
21223,KY,Trimble,2,1
21225,KY,Union,6,10
21227,KY,Warren,92,92
21229,KY,Washington,7,3
21231,KY,Wayne,12,7
21233,KY,Webster,5,7
21235,KY,Whitley,28,18
21237,KY,Wolfe,2,2
21239,KY,Woodford,13,20
22001,LA,Acadia,28,20
22003,LA,Allen,10,9
22005,LA,Ascension,81,43
22007,LA,Assumption,4,4
22009,LA,Avoyelles,16,11
22011,LA,Beauregard,18,11
22013,LA,Bienville,9,6
22015,LA,Bossier,109,80
22017,LA,Caddo,208,135
22019,LA,Calcasieu,165,88
22021,LA,Caldwell,4,4
22023,LA,Cameron,1,1
22025,LA,Catahoula,5,2
22027,LA,Claiborne,9,4
22029,LA,Concordia,14,9
22031,LA,De Soto,8,12
22033,LA,East Baton Rouge,383,288
22035,LA,East Carroll,5,3
22037,LA,East Feliciana,11,3
22039,LA,Evangeline,10,9
22041,LA,Franklin,11,5
22043,LA,Grant,2,0
22045,LA,Iberia,42,23
22047,LA,Iberville,12,13
22049,LA,Jackson,9,4
22051,LA,Jefferson,373,346
22053,LA,Jefferson Davis,18,9
22055,LA,Lafayette,223,197
22057,LA,Lafourche,51,39
22059,LA,La Salle,9,3
22061,LA,Lincoln,40,29
22063,LA,Livingston,72,44
22065,LA,Madison,7,4
22067,LA,Morehouse,13,7
22069,LA,Natchitoches,17,26
22071,LA,Orleans,303,475
22073,LA,Ouachita,114,102
22075,LA,Plaquemines,13,19
22077,LA,Pointe Coupee,10,10
22079,LA,Rapides,101,62
22081,LA,Red River,5,3
22083,LA,Richland,8,8
22085,LA,Sabine,10,6
22087,LA,St. Bernard,32,30
22089,LA,St. Charles,31,22
22091,LA,St. Helena,1,2
22093,LA,St. James,11,8
22095,LA,St. John the Baptist,31,13
22097,LA,St. Landry,40,20
22099,LA,St. Martin,22,25
22101,LA,St. Mary,34,29
22103,LA,St. Tammany,188,213
22105,LA,Tangipahoa,85,80
22107,LA,Tensas,0,3
22109,LA,Terrebonne,82,71
22111,LA,Union,6,4
22113,LA,Vermilion,20,23
22115,LA,Vernon,22,16
22117,LA,Washington,29,15
22119,LA,Webster,32,16
22121,LA,West Baton Rouge,20,14
22123,LA,West Carroll,9,0
22125,LA,West Feliciana,4,8
22127,LA,Winn,8,5
23001,ME,Androscoggin,76,77
23003,ME,Aroostook,50,59
23005,ME,Cumberland,244,387
23007,ME,Franklin,15,41
23009,ME,Hancock,46,109
23011,ME,Kennebec,81,96
23013,ME,Knox,30,66
23015,ME,Lincoln,25,52
23017,ME,Oxford,26,52
23019,ME,Penobscot,93,118
23021,ME,Piscataquis,7,21
23023,ME,Sagadahoc,20,29
23025,ME,Somerset,22,32
23027,ME,Waldo,20,36
23029,ME,Washington,19,28
23031,ME,York,157,245
24001,MD,Allegany,62,49
24003,MD,Anne Arundel,454,387
24005,MD,Baltimore,739,418
24009,MD,Calvert,55,56
24011,MD,Caroline,16,11
24013,MD,Carroll,114,101
24015,MD,Cecil,55,58
24017,MD,Charles,121,67
24019,MD,Dorchester,19,24
24021,MD,Frederick,172,160
24023,MD,Garrett,25,28
24025,MD,Harford,165,121
24027,MD,Howard,244,177
24029,MD,Kent,14,27
24031,MD,Montgomery,794,627
24033,MD,Prince George's,753,295
24035,MD,Queen Anne's,33,30
24037,MD,St. Mary's,69,59
24039,MD,Somerset,11,8
24041,MD,Talbot,36,59
24043,MD,Washington,110,92
24045,MD,Wicomico,82,68
24047,MD,Worcester,83,175
24510,MD,Baltimore,670,363
25001,MA,Barnstable,216,427
25003,MA,Berkshire,118,215
25005,MA,Bristol,386,468
25007,MA,Dukes,24,60
25009,MA,Essex,576,621
25011,MA,Franklin,35,65
25013,MA,Hampden,293,335
25015,MA,Hampshire,99,168
25017,MA,Middlesex,1213,1303
25019,MA,Nantucket,17,54
25021,MA,Norfolk,471,601
25023,MA,Plymouth,306,410
25025,MA,Suffolk,745,918
25027,MA,Worcester,581,574
26001,MI,Alcona,4,10
26003,MI,Alger,5,12
26005,MI,Allegan,54,80
26007,MI,Alpena,21,27
26009,MI,Antrim,13,24
26011,MI,Arenac,14,11
26013,MI,Baraga,7,6
26015,MI,Barry,19,35
26017,MI,Bay,82,61
26019,MI,Benzie,13,21
26021,MI,Berrien,94,144
26023,MI,Branch,23,29
26025,MI,Calhoun,92,81
26027,MI,Cass,14,29
26029,MI,Charlevoix,17,38
26031,MI,Cheboygan,12,39
26033,MI,Chippewa,22,38
26035,MI,Clare,15,22
26037,MI,Clinton,37,32
26039,MI,Crawford,10,11
26041,MI,Delta,26,27
26043,MI,Dickinson,19,21
26045,MI,Eaton,76,71
26047,MI,Emmet,28,57
26049,MI,Genesee,295,236
26051,MI,Gladwin,9,22
26053,MI,Gogebic,10,26
26055,MI,Grand Traverse,75,93
26057,MI,Gratiot,23,18
26059,MI,Hillsdale,19,31
26061,MI,Houghton,23,42
26063,MI,Huron,31,39
26065,MI,Ingham,226,213
26067,MI,Ionia,26,34
26069,MI,Iosco,19,29
26071,MI,Iron,9,14
26073,MI,Isabella,38,45
26075,MI,Jackson,85,94
26077,MI,Kalamazoo,201,190
26079,MI,Kalkaska,8,14
26081,MI,Kent,401,409
26083,MI,Keweenaw,0,6
26085,MI,Lake,2,13
26087,MI,Lapeer,36,49
26089,MI,Leelanau,13,37
26091,MI,Lenawee,58,65
26093,MI,Livingston,97,103
26095,MI,Luce,2,8
26097,MI,Mackinac,17,32
26099,MI,Macomb,602,607
26101,MI,Manistee,9,22
26103,MI,Marquette,52,54
26105,MI,Mason,19,31
26107,MI,Mecosta,24,27
26109,MI,Menominee,12,26
26111,MI,Midland,54,47
26113,MI,Missaukee,5,7
26115,MI,Monroe,85,80
26117,MI,Montcalm,23,34
26119,MI,Montmorency,2,15
26121,MI,Muskegon,121,102
26123,MI,Newaygo,28,27
26125,MI,Oakland,1002,1064
26127,MI,Oceana,12,20
26129,MI,Ogemaw,17,22
26131,MI,Ontonagon,1,9
26133,MI,Osceola,11,13
26135,MI,Oscoda,5,9
26137,MI,Otsego,20,23
26139,MI,Ottawa,152,128
26141,MI,Presque Isle,6,15
26143,MI,Roscommon,17,30
26145,MI,Saginaw,141,110
26147,MI,St. Clair,83,106
26149,MI,St. Joseph,30,38
26151,MI,Sanilac,15,28
26153,MI,Schoolcraft,7,12
26155,MI,Shiawassee,39,34
26157,MI,Tuscola,18,22
26159,MI,Van Buren,41,58
26161,MI,Washtenaw,269,291
26163,MI,Wayne,1270,1081
26165,MI,Wexford,24,28
27001,MN,Aitkin,9,20
27003,MN,Anoka,201,146
27005,MN,Becker,16,26
27007,MN,Beltrami,23,32
27009,MN,Benton,14,27
27011,MN,Big Stone,3,7
27013,MN,Blue Earth,53,55
27015,MN,Brown,18,22
27017,MN,Carlton,12,22
27019,MN,Carver,54,45
27021,MN,Cass,10,37
27023,MN,Chippewa,7,8
27025,MN,Chisago,26,26
27027,MN,Clay,32,21
27029,MN,Clearwater,2,11
27031,MN,Cook,4,13
27033,MN,Cottonwood,4,6
27035,MN,Crow Wing,40,74
27037,MN,Dakota,268,232
27039,MN,Dodge,9,6
27041,MN,Douglas,26,42
27043,MN,Faribault,6,15
27045,MN,Fillmore,7,32
27047,MN,Freeborn,23,24
27049,MN,Goodhue,30,35
27051,MN,Grant,1,3
27053,MN,Hennepin,965,913
27055,MN,Houston,3,17
27057,MN,Hubbard,11,20
27059,MN,Isanti,16,18
27061,MN,Itasca,15,29
27063,MN,Jackson,5,9
27065,MN,Kanabec,4,15
27067,MN,Kandiyohi,24,27
27069,MN,Kittson,0,6
27071,MN,Koochiching,8,16
27073,MN,Lac qui Parle,3,7
27075,MN,Lake,8,21
27077,MN,Lake of the Woods,2,7
27079,MN,Le Sueur,6,23
27081,MN,Lincoln,0,6
27083,MN,Lyon,24,22
27085,MN,McLeod,24,18
27087,MN,Mahnomen,3,3
27089,MN,Marshall,2,9
27091,MN,Martin,14,12
27093,MN,Meeker,11,15
27095,MN,Mille Lacs,12,26
27097,MN,Morrison,18,32
27099,MN,Mower,23,25
27101,MN,Murray,3,12
27103,MN,Nicollet,19,13
27105,MN,Nobles,9,17
27107,MN,Norman,1,2
27109,MN,Olmsted,105,100
27111,MN,Otter Tail,36,43
27113,MN,Pennington,6,16
27115,MN,Pine,11,22
27117,MN,Pipestone,7,7
27119,MN,Polk,18,26
27121,MN,Pope,4,9
27123,MN,Ramsey,371,350
27125,MN,Red Lake,1,4
27127,MN,Redwood,7,17
27129,MN,Renville,6,12
27131,MN,Rice,35,27
27133,MN,Rock,6,7
27135,MN,Roseau,8,14
27137,MN,St. Louis,114,164
27139,MN,Scott,77,50
27141,MN,Sherburne,45,37
27143,MN,Sibley,4,7
27145,MN,Stearns,104,119
27147,MN,Steele,28,27
27149,MN,Stevens,5,11
27151,MN,Swift,7,9
27153,MN,Todd,6,14
27155,MN,Traverse,2,1
27157,MN,Wabasha,10,24
27159,MN,Wadena,13,10
27161,MN,Waseca,10,11
27163,MN,Washington,129,163
27165,MN,Watonwan,6,9
27167,MN,Wilkin,2,4
27169,MN,Winona,34,32
27171,MN,Wright,64,68
27173,MN,Yellow Medicine,7,9
28001,MS,Adams,30,20
28003,MS,Alcorn,27,32
28005,MS,Amite,3,2
28007,MS,Attala,10,9
28009,MS,Benton,0,0
28011,MS,Bolivar,18,23
28013,MS,Calhoun,4,6
28015,MS,Carroll,0,3
28017,MS,Chickasaw,8,6
28019,MS,Choctaw,4,2
28021,MS,Claiborne,5,0
28023,MS,Clarke,4,7
28025,MS,Clay,11,13
28027,MS,Coahoma,17,15
28029,MS,Copiah,17,13
28031,MS,Covington,11,11
28033,MS,DeSoto,130,117
28035,MS,Forrest,76,62
28037,MS,Franklin,4,1
28039,MS,George,12,11
28041,MS,Greene,3,3
28043,MS,Grenada,21,16
28045,MS,Hancock,30,37
28047,MS,Harrison,162,176
28049,MS,Hinds,230,100
28051,MS,Holmes,4,2
28053,MS,Humphreys,3,2
28055,MS,Issaquena,0,0
28057,MS,Itawamba,12,13
28059,MS,Jackson,83,82
28061,MS,Jasper,4,4
28063,MS,Jefferson,2,0
28065,MS,Jefferson Davis,5,2
28067,MS,Jones,50,21
28069,MS,Kemper,3,3
28071,MS,Lafayette,43,53
28073,MS,Lamar,57,38
28075,MS,Lauderdale,66,49
28077,MS,Lawrence,6,2
28079,MS,Leake,12,9
28081,MS,Lee,80,83
28083,MS,Leflore,21,21
28085,MS,Lincoln,28,15
28087,MS,Lowndes,40,47
28089,MS,Madison,100,75
28091,MS,Marion,21,14
28093,MS,Marshall,13,9
28095,MS,Monroe,20,21
28097,MS,Montgomery,6,5
28099,MS,Neshoba,18,11
28101,MS,Newton,13,7
28103,MS,Noxubee,3,0
28105,MS,Oktibbeha,35,45
28107,MS,Panola,20,15
28109,MS,Pearl River,37,30
28111,MS,Perry,3,2
28113,MS,Pike,31,23
28115,MS,Pontotoc,17,17
28117,MS,Prentiss,16,10
28119,MS,Quitman,4,1
28121,MS,Rankin,124,71
28123,MS,Scott,17,13
28125,MS,Sharkey,3,1
28127,MS,Simpson,19,12
28129,MS,Smith,6,2
28131,MS,Stone,14,7
28133,MS,Sunflower,12,9
28135,MS,Tallahatchie,6,5
28137,MS,Tate,19,5
28139,MS,Tippah,10,7
28141,MS,Tishomingo,11,19
28143,MS,Tunica,10,6
28145,MS,Union,15,13
28147,MS,Walthall,8,10
28149,MS,Warren,36,30
28151,MS,Washington,37,19
28153,MS,Wayne,13,14
28155,MS,Webster,6,3
28157,MS,Wilkinson,4,0
28159,MS,Winston,13,9
28161,MS,Yalobusha,6,5
28163,MS,Yazoo,10,14
29001,MO,Adair,20,14
29003,MO,Andrew,4,5
29005,MO,Atchison,2,6
29007,MO,Audrain,16,13
29009,MO,Barry,15,23
29011,MO,Barton,6,8
29013,MO,Bates,9,11
29015,MO,Benton,5,22
29017,MO,Bollinger,2,6
29019,MO,Boone,139,156
29021,MO,Buchanan,71,64
29023,MO,Butler,31,32
29025,MO,Caldwell,2,4
29027,MO,Callaway,22,25
29029,MO,Camden,23,82
29031,MO,Cape Girardeau,63,69
29033,MO,Carroll,3,9
29035,MO,Carter,3,3
29037,MO,Cass,51,58
29039,MO,Cedar,12,10
29041,MO,Chariton,1,8
29043,MO,Christian,42,45
29045,MO,Clark,2,5
29047,MO,Clay,154,147
29049,MO,Clinton,6,16
29051,MO,Cole,61,66
29053,MO,Cooper,16,12
29055,MO,Crawford,10,23
29057,MO,Dade,3,7
29059,MO,Dallas,9,9
29061,MO,Daviess,1,5
29063,MO,DeKalb,4,4
29065,MO,Dent,6,9
29067,MO,Douglas,4,7
29069,MO,Dunklin,14,26
29071,MO,Franklin,62,63
29073,MO,Gasconade,11,23
29075,MO,Gentry,3,6
29077,MO,Greene,266,249
29079,MO,Grundy,3,6
29081,MO,Harrison,7,7
29083,MO,Henry,16,19
29085,MO,Hickory,1,11
29087,MO,Holt,3,8
29089,MO,Howard,2,9
29091,MO,Howell,23,33
29093,MO,Iron,1,7
29095,MO,Jackson,487,530
29097,MO,Jasper,96,87
29099,MO,Jefferson,122,92
29101,MO,Johnson,33,27
29103,MO,Knox,0,3
29105,MO,Laclede,23,27
29107,MO,Lafayette,18,28
29109,MO,Lawrence,17,25
29111,MO,Lewis,3,8
29113,MO,Lincoln,18,27
29115,MO,Linn,6,7
29117,MO,Livingston,4,10
29119,MO,McDonald,7,10
29121,MO,Macon,7,15
29123,MO,Madison,8,7
29125,MO,Maries,3,7
29127,MO,Marion,19,24
29129,MO,Mercer,2,4
29131,MO,Miller,15,27
29133,MO,Mississippi,6,4
29135,MO,Moniteau,8,8
29137,MO,Monroe,3,9
29139,MO,Montgomery,5,6
29141,MO,Morgan,8,30
29143,MO,New Madrid,10,17
29145,MO,Newton,27,25
29147,MO,Nodaway,12,12
29149,MO,Oregon,3,8
29151,MO,Osage,4,10
29153,MO,Ozark,1,4
29155,MO,Pemiscot,6,14
29157,MO,Perry,11,12
29159,MO,Pettis,28,28
29161,MO,Phelps,32,33
29163,MO,Pike,9,17
29165,MO,Platte,62,81
29167,MO,Polk,13,18
29169,MO,Pulaski,29,30
29171,MO,Putnam,1,2
29173,MO,Ralls,1,2
29175,MO,Randolph,13,19
29177,MO,Ray,7,6
29179,MO,Reynolds,1,3
29181,MO,Ripley,7,3
29183,MO,St. Charles,270,273
29185,MO,St. Clair,1,9
29186,MO,Ste. Genevieve,6,16
29187,MO,St. Francois,51,39
29189,MO,St. Louis,804,767
29195,MO,Saline,12,16
29197,MO,Schuyler,0,2
29199,MO,Scotland,2,4
29201,MO,Scott,21,28
29203,MO,Shannon,1,6
29205,MO,Shelby,1,8
29207,MO,Stoddard,15,18
29209,MO,Stone,14,29
29211,MO,Sullivan,3,1
29213,MO,Taney,54,89
29215,MO,Texas,11,16
29217,MO,Vernon,12,12
29219,MO,Warren,18,15
29221,MO,Washington,8,10
29223,MO,Wayne,5,9
29225,MO,Webster,19,11
29227,MO,Worth,0,3
29229,MO,Wright,9,10
29510,MO,St. Louis,279,362
30001,MT,Beaverhead,7,16
30003,MT,Big Horn,2,6
30005,MT,Blaine,2,2
30007,MT,Broadwater,1,5
30009,MT,Carbon,8,14
30011,MT,Carter,0,1
30013,MT,Cascade,69,67
30015,MT,Chouteau,1,6
30017,MT,Custer,8,13
30019,MT,Daniels,2,2
30021,MT,Dawson,5,11
30023,MT,Deer Lodge,3,10
30025,MT,Fallon,3,6
30027,MT,Fergus,7,15
30029,MT,Flathead,68,109
30031,MT,Gallatin,97,142
30033,MT,Garfield,0,1
30035,MT,Glacier,9,12
30037,MT,Golden Valley,1,0
30039,MT,Granite,3,6
30041,MT,Hill,14,16
30043,MT,Jefferson,3,10
30045,MT,Judith Basin,0,3
30047,MT,Lake,18,19
30049,MT,Lewis and Clark,43,67
30051,MT,Liberty,0,2
30053,MT,Lincoln,8,25
30055,MT,McCone,2,2
30057,MT,Madison,1,16
30059,MT,Meagher,1,5
30061,MT,Mineral,1,5
30063,MT,Missoula,84,105
30065,MT,Musselshell,0,4
30067,MT,Park,12,40
30069,MT,Petroleum,0,1
30071,MT,Phillips,2,6
30073,MT,Pondera,2,6
30075,MT,Powder River,1,5
30077,MT,Powell,3,10
30079,MT,Prairie,0,2
30081,MT,Ravalli,17,41
30083,MT,Richland,10,11
30085,MT,Roosevelt,5,4
30087,MT,Rosebud,5,5
30089,MT,Sanders,7,14
30091,MT,Sheridan,1,6
30093,MT,Silver Bow,33,36
30095,MT,Stillwater,3,6
30097,MT,Sweet Grass,0,7
30099,MT,Teton,0,5
30101,MT,Toole,2,11
30103,MT,Treasure,0,1
30105,MT,Valley,12,9
30107,MT,Wheatland,0,5
30109,MT,Wibaux,1,1
30111,MT,Yellowstone,116,123
31001,NE,Adams,34,20
31003,NE,Antelope,4,7
31005,NE,Arthur,0,1
31007,NE,Banner,0,0
31009,NE,Blaine,0,1
31011,NE,Boone,1,3
31013,NE,Box Butte,5,15
31015,NE,Boyd,0,1
31017,NE,Brown,0,5
31019,NE,Buffalo,42,44
31021,NE,Burt,2,8
31023,NE,Butler,1,4
31025,NE,Cass,10,15
31027,NE,Cedar,1,6
31029,NE,Chase,1,5
31031,NE,Cherry,5,7
31033,NE,Cheyenne,5,13
31035,NE,Clay,1,6
31037,NE,Colfax,4,7
31039,NE,Cuming,6,11
31041,NE,Custer,3,15
31043,NE,Dakota,13,11
31045,NE,Dawes,8,14
31047,NE,Dawson,17,18
31049,NE,Deuel,1,4
31051,NE,Dixon,0,3
31053,NE,Dodge,25,28
31055,NE,Douglas,406,434
31057,NE,Dundy,1,2
31059,NE,Fillmore,3,7
31061,NE,Franklin,0,3
31063,NE,Frontier,0,1
31065,NE,Furnas,2,4
31067,NE,Gage,15,18
31069,NE,Garden,0,3
31071,NE,Garfield,1,5
31073,NE,Gosper,1,1
31075,NE,Grant,0,1
31077,NE,Greeley,0,3
31079,NE,Hall,49,51
31081,NE,Hamilton,4,7
31083,NE,Harlan,3,6
31085,NE,Hayes,0,0
31087,NE,Hitchcock,0,3
31089,NE,Holt,5,14
31091,NE,Hooker,1,2
31093,NE,Howard,2,5
31095,NE,Jefferson,4,8
31097,NE,Johnson,2,6
31099,NE,Kearney,3,3
31101,NE,Keith,8,13
31103,NE,Keya Paha,0,0
31105,NE,Kimball,2,2
31107,NE,Knox,1,10
31109,NE,Lancaster,281,202
31111,NE,Lincoln,25,23
31113,NE,Logan,0,0
31115,NE,Loup,0,2
31117,NE,McPherson,0,1
31119,NE,Madison,32,34
31121,NE,Merrick,4,6
31123,NE,Morrill,7,4
31125,NE,Nance,2,4
31127,NE,Nemaha,4,7
31129,NE,Nuckolls,2,3
31131,NE,Otoe,8,10
31133,NE,Pawnee,1,2
31135,NE,Perkins,0,2
31137,NE,Phelps,9,7
31139,NE,Pierce,4,4
31141,NE,Platte,23,21
31143,NE,Polk,2,3
31145,NE,Red Willow,11,4
31147,NE,Richardson,5,10
31149,NE,Rock,0,3
31151,NE,Saline,7,10
31153,NE,Sarpy,117,73
31155,NE,Saunders,8,20
31157,NE,Scotts Bluff,36,36
31159,NE,Seward,10,8
31161,NE,Sheridan,5,6
31163,NE,Sherman,0,3
31165,NE,Sioux,0,0
31167,NE,Stanton,1,3
31169,NE,Thayer,1,10
31171,NE,Thomas,0,1
31173,NE,Thurston,3,2
31175,NE,Valley,3,2
31177,NE,Washington,9,16
31179,NE,Wayne,9,8
31181,NE,Webster,1,1
31183,NE,Wheeler,0,2
31185,NE,York,14,13
32001,NV,Churchill,17,12
32003,NV,Clark,1706,1279
32005,NV,Douglas,35,50
32007,NV,Elko,39,29
32009,NV,Esmeralda,0,1
32011,NV,Eureka,2,1
32013,NV,Humboldt,11,18
32015,NV,Lander,2,6
32017,NV,Lincoln,1,2
32019,NV,Lyon,19,23
32021,NV,Mineral,2,2
32023,NV,Nye,27,19
32027,NV,Pershing,4,1
32029,NV,Storey,0,8
32031,NV,Washoe,332,328
32033,NV,White Pine,4,10
32510,NV,Carson City,49,54
33001,NH,Belknap,48,85
33003,NH,Carroll,46,106
33005,NH,Cheshire,48,57
33007,NH,Coos,24,40
33009,NH,Grafton,77,130
33011,NH,Hillsborough,289,354
33013,NH,Merrimack,107,103
33015,NH,Rockingham,273,305
33017,NH,Strafford,87,96
33019,NH,Sullivan,18,22
34001,NJ,Atlantic,208,327
34003,NJ,Bergen,762,934
34005,NJ,Burlington,310,278
34007,NJ,Camden,344,331
34009,NJ,Cape May,170,310
34011,NJ,Cumberland,100,79
34013,NJ,Essex,552,547
34015,NJ,Gloucester,171,159
34017,NJ,Hudson,506,518
34019,NJ,Hunterdon,99,139
34021,NJ,Mercer,280,270
34023,NJ,Middlesex,655,567
34025,NJ,Monmouth,530,686
34027,NJ,Morris,413,476
34029,NJ,Ocean,411,432
34031,NJ,Passaic,331,383
34033,NJ,Salem,34,31
34035,NJ,Somerset,263,286
34037,NJ,Sussex,75,114
34039,NJ,Union,366,441
34041,NJ,Warren,75,90
35001,NM,Bernalillo,558,423
35003,NM,Catron,0,2
35005,NM,Chaves,42,39
35006,NM,Cibola,14,9
35007,NM,Colfax,16,18
35009,NM,Curry,34,25
35011,NM,De Baca,1,3
35013,NM,Doña Ana,126,108
35015,NM,Eddy,37,35
35017,NM,Grant,22,25
35019,NM,Guadalupe,1,6
35021,NM,Harding,0,1
35023,NM,Hidalgo,3,4
35025,NM,Lea,44,38
35027,NM,Lincoln,20,31
35028,NM,Los Alamos,10,9
35029,NM,Luna,19,22
35031,NM,McKinley,50,34
35033,NM,Mora,1,0
35035,NM,Otero,33,30
35037,NM,Quay,8,7
35039,NM,Rio Arriba,20,17
35041,NM,Roosevelt,8,9
35043,NM,Sandoval,63,42
35045,NM,San Juan,94,55
35047,NM,San Miguel,15,19
35049,NM,Santa Fe,109,152
35051,NM,Sierra,6,14
35053,NM,Socorro,11,14
35055,NM,Taos,26,54
35057,NM,Torrance,7,7
35059,NM,Union,3,4
35061,NM,Valencia,48,32
36001,NY,Albany,324,337
36003,NY,Allegany,18,40
36005,NY,Bronx,934,576
36007,NY,Broome,155,174
36009,NY,Cattaraugus,49,78
36011,NY,Cayuga,53,64
36013,NY,Chautauqua,97,136
36015,NY,Chemung,62,75
36017,NY,Chenango,26,46
36019,NY,Clinton,44,70
36021,NY,Columbia,37,71
36023,NY,Cortland,42,43
36025,NY,Delaware,26,51
36027,NY,Dutchess,244,347
36029,NY,Erie,770,791
36031,NY,Essex,23,79
36033,NY,Franklin,23,41
36035,NY,Fulton,41,48
36037,NY,Genesee,38,53
36039,NY,Greene,39,71
36041,NY,Hamilton,4,17
36043,NY,Herkimer,50,57
36045,NY,Jefferson,101,126
36047,NY,Kings,1994,1929
36049,NY,Lewis,13,25
36051,NY,Livingston,47,54
36053,NY,Madison,42,76
36055,NY,Monroe,550,614
36057,NY,Montgomery,37,40
36059,NY,Nassau,1290,1285
36061,NY,New York,2553,4439
36063,NY,Niagara,134,183
36065,NY,Oneida,162,207
36067,NY,Onondaga,428,357
36069,NY,Ontario,87,126
36071,NY,Orange,300,314
36073,NY,Orleans,18,19
36075,NY,Oswego,94,93
36077,NY,Otsego,38,79
36079,NY,Putnam,73,91
36081,NY,Queens,1960,1813
36083,NY,Rensselaer,99,113
36085,NY,Richmond,316,292
36087,NY,Rockland,256,305
36089,NY,St. Lawrence,53,85
36091,NY,Saratoga,167,216
36093,NY,Schenectady,122,116
36095,NY,Schoharie,12,26
36097,NY,Schuyler,11,20
36099,NY,Seneca,20,32
36101,NY,Steuben,46,89
36103,NY,Suffolk,1314,1375
36105,NY,Sullivan,57,85
36107,NY,Tioga,24,39
36109,NY,Tompkins,74,105
36111,NY,Ulster,155,253
36113,NY,Warren,71,142
36115,NY,Washington,33,45
36117,NY,Wayne,65,62
36119,NY,Westchester,768,1075
36121,NY,Wyoming,24,25
36123,NY,Yates,14,23
37001,NC,Alamance,126,116
37003,NC,Alexander,16,17
37005,NC,Alleghany,4,14
37007,NC,Anson,14,11
37009,NC,Ashe,18,22
37011,NC,Avery,10,31
37013,NC,Beaufort,33,35
37015,NC,Bertie,11,3
37017,NC,Bladen,26,15
37019,NC,Brunswick,90,120
37021,NC,Buncombe,220,295
37023,NC,Burke,57,53
37025,NC,Cabarrus,145,127
37027,NC,Caldwell,52,41
37029,NC,Camden,1,3
37031,NC,Carteret,61,101
37033,NC,Caswell,6,5
37035,NC,Catawba,125,128
37037,NC,Chatham,32,36
37039,NC,Cherokee,22,22
37041,NC,Chowan,10,7
37043,NC,Clay,6,13
37045,NC,Cleveland,60,64
37047,NC,Columbus,49,29
37049,NC,Craven,73,71
37051,NC,Cumberland,276,209
37053,NC,Currituck,21,39
37055,NC,Dare,62,128
37057,NC,Davidson,88,103
37059,NC,Davie,29,30
37061,NC,Duplin,36,25
37063,NC,Durham,264,228
37065,NC,Edgecombe,25,15
37067,NC,Forsyth,273,272
37069,NC,Franklin,25,20
37071,NC,Gaston,164,121
37073,NC,Gates,0,3
37075,NC,Graham,5,7
37077,NC,Granville,31,18
37079,NC,Greene,5,8
37081,NC,Guilford,424,411
37083,NC,Halifax,44,31
37085,NC,Harnett,78,53
37087,NC,Haywood,38,59
37089,NC,Henderson,60,67
37091,NC,Hertford,18,14
37093,NC,Hoke,13,6
37095,NC,Hyde,4,11
37097,NC,Iredell,141,135
37099,NC,Jackson,29,38
37101,NC,Johnston,116,88
37103,NC,Jones,3,2
37105,NC,Lee,46,40
37107,NC,Lenoir,52,34
37109,NC,Lincoln,55,41
37111,NC,McDowell,28,20
37113,NC,Macon,31,49
37115,NC,Madison,6,10
37117,NC,Martin,17,13
37119,NC,Mecklenburg,832,892
37121,NC,Mitchell,8,17
37123,NC,Montgomery,18,12
37125,NC,Moore,67,96
37127,NC,Nash,73,63
37129,NC,New Hanover,226,240
37131,NC,Northampton,6,8
37133,NC,Onslow,152,106
37135,NC,Orange,104,105
37137,NC,Pamlico,14,11
37139,NC,Pasquotank,31,38
37141,NC,Pender,34,38
37143,NC,Perquimans,6,6
37145,NC,Person,26,11
37147,NC,Pitt,160,114
37149,NC,Polk,9,19
37151,NC,Randolph,78,81
37153,NC,Richmond,23,26
37155,NC,Robeson,68,56
37157,NC,Rockingham,63,64
37159,NC,Rowan,81,97
37161,NC,Rutherford,39,47
37163,NC,Sampson,33,27
37165,NC,Scotland,23,20
37167,NC,Stanly,44,45
37169,NC,Stokes,24,24
37171,NC,Surry,61,65
37173,NC,Swain,17,17
37175,NC,Transylvania,18,28
37177,NC,Tyrrell,4,4
37179,NC,Union,117,96
37181,NC,Vance,28,20
37183,NC,Wake,848,783
37185,NC,Warren,11,11
37187,NC,Washington,8,9
37189,NC,Watauga,39,82
37191,NC,Wayne,74,70
37193,NC,Wilkes,35,41
37195,NC,Wilson,54,45
37197,NC,Yadkin,18,26
37199,NC,Yancey,7,11
38001,ND,Adams,0,4
38003,ND,Barnes,8,14
38005,ND,Benson,0,5
38007,ND,Billings,0,6
38009,ND,Bottineau,5,8
38011,ND,Bowman,4,6
38013,ND,Burke,2,4
38015,ND,Burleigh,57,56
38017,ND,Cass,115,109
38019,ND,Cavalier,2,7
38021,ND,Dickey,2,5
38023,ND,Divide,1,4
38025,ND,Dunn,1,2
38027,ND,Eddy,2,1
38029,ND,Emmons,2,3
38031,ND,Foster,4,3
38033,ND,Golden Valley,0,0
38035,ND,Grand Forks,50,46
38037,ND,Grant,0,2
38039,ND,Griggs,1,4
38041,ND,Hettinger,1,2
38043,ND,Kidder,0,4
38045,ND,LaMoure,1,7
38047,ND,Logan,0,4
38049,ND,McHenry,0,4
38051,ND,McIntosh,1,5
38053,ND,McKenzie,1,10
38055,ND,McLean,1,10
38057,ND,Mercer,5,8
38059,ND,Morton,15,13
38061,ND,Mountrail,6,8
38063,ND,Nelson,1,3
38065,ND,Oliver,0,2
38067,ND,Pembina,1,7
38069,ND,Pierce,3,4
38071,ND,Ramsey,11,12
38073,ND,Ransom,3,4
38075,ND,Renville,2,2
38077,ND,Richland,11,9
38079,ND,Rolette,6,7
38081,ND,Sargent,0,2
38083,ND,Sheridan,0,1
38085,ND,Sioux,1,1
38087,ND,Slope,0,2
38089,ND,Stark,21,26
38091,ND,Steele,0,2
38093,ND,Stutsman,19,18
38095,ND,Towner,1,5
38097,ND,Traill,7,2
38099,ND,Walsh,3,10
38101,ND,Ward,48,47
38103,ND,Wells,3,9
38105,ND,Williams,28,21
39001,OH,Adams,15,8
39003,OH,Allen,99,56
39005,OH,Ashland,31,27
39007,OH,Ashtabula,86,79
39009,OH,Athens,59,29
39011,OH,Auglaize,34,25
39013,OH,Belmont,54,36
39015,OH,Brown,25,22
39017,OH,Butler,272,216
39019,OH,Carroll,15,12
39021,OH,Champaign,19,14
39023,OH,Clark,125,53
39025,OH,Clermont,132,105
39027,OH,Clinton,31,21
39029,OH,Columbiana,76,49
39031,OH,Coshocton,21,14
39033,OH,Crawford,33,19
39035,OH,Cuyahoga,1102,961
39037,OH,Darke,29,24
39039,OH,Defiance,27,36
39041,OH,Delaware,166,145
39043,OH,Erie,78,79
39045,OH,Fairfield,99,87
39047,OH,Fayette,32,17
39049,OH,Franklin,1107,810
39051,OH,Fulton,25,30
39053,OH,Gallia,31,7
39055,OH,Geauga,58,61
39057,OH,Greene,132,98
39059,OH,Guernsey,38,24
39061,OH,Hamilton,681,684
39063,OH,Hancock,62,59
39065,OH,Hardin,20,16
39067,OH,Harrison,7,14
39069,OH,Henry,19,20
39071,OH,Highland,27,20
39073,OH,Hocking,19,17
39075,OH,Holmes,14,16
39077,OH,Huron,48,24
39079,OH,Jackson,24,11
39081,OH,Jefferson,47,46
39083,OH,Knox,40,27
39085,OH,Lake,180,177
39087,OH,Lawrence,38,17
39089,OH,Licking,121,92
39091,OH,Logan,36,27
39093,OH,Lorain,185,157
39095,OH,Lucas,373,339
39097,OH,Madison,22,15
39099,OH,Mahoning,201,164
39101,OH,Marion,44,25
39103,OH,Medina,118,94
39105,OH,Meigs,16,5
39107,OH,Mercer,26,38
39109,OH,Miami,78,64
39111,OH,Monroe,6,9
39113,OH,Montgomery,477,326
39115,OH,Morgan,2,6
39117,OH,Morrow,14,6
39119,OH,Muskingum,64,50
39121,OH,Noble,8,5
39123,OH,Ottawa,36,67
39125,OH,Paulding,10,6
39127,OH,Perry,20,14
39129,OH,Pickaway,36,17
39131,OH,Pike,19,13
39133,OH,Portage,124,87
39135,OH,Preble,22,16
39137,OH,Putnam,22,18
39139,OH,Richland,96,65
39141,OH,Ross,53,37
39143,OH,Sandusky,36,37
39145,OH,Scioto,58,42
39147,OH,Seneca,28,39
39149,OH,Shelby,30,32
39151,OH,Stark,316,249
39153,OH,Summit,444,360
39155,OH,Trumbull,141,126
39157,OH,Tuscarawas,78,67
39159,OH,Union,27,26
39161,OH,Van Wert,16,17
39163,OH,Vinton,7,1
39165,OH,Warren,130,124
39167,OH,Washington,47,35
39169,OH,Wayne,71,62
39171,OH,Williams,27,17
39173,OH,Wood,117,97
39175,OH,Wyandot,15,15
40001,OK,Adair,9,4
40003,OK,Alfalfa,2,6
40005,OK,Atoka,7,8
40007,OK,Beaver,1,3
40009,OK,Beckham,15,18
40011,OK,Blaine,2,13
40013,OK,Bryan,30,22
40015,OK,Caddo,11,16
40017,OK,Canadian,80,63
40019,OK,Carter,30,37
40021,OK,Cherokee,26,29
40023,OK,Choctaw,6,9
40025,OK,Cimarron,3,3
40027,OK,Cleveland,224,169
40029,OK,Coal,1,5
40031,OK,Comanche,92,74
40033,OK,Cotton,2,2
40035,OK,Craig,5,11
40037,OK,Creek,37,29
40039,OK,Custer,25,26
40041,OK,Delaware,16,25
40043,OK,Dewey,0,4
40045,OK,Ellis,1,5
40047,OK,Garfield,43,36
40049,OK,Garvin,17,18
40051,OK,Grady,25,27
40053,OK,Grant,0,3
40055,OK,Greer,1,5
40057,OK,Harmon,1,1
40059,OK,Harper,1,3
40061,OK,Haskell,4,6
40063,OK,Hughes,8,4
40065,OK,Jackson,17,20
40067,OK,Jefferson,2,5
40069,OK,Johnston,4,2
40071,OK,Kay,38,33
40073,OK,Kingfisher,7,14
40075,OK,Kiowa,2,6
40077,OK,Latimer,2,2
40079,OK,Le Flore,18,19
40081,OK,Lincoln,16,25
40083,OK,Logan,15,24
40085,OK,Love,5,13
40087,OK,McClain,25,22
40089,OK,McCurtain,15,15
40091,OK,McIntosh,8,12
40093,OK,Major,2,4
40095,OK,Marshall,9,10
40097,OK,Mayes,30,33
40099,OK,Murray,10,9
40101,OK,Muskogee,55,41
40103,OK,Noble,6,7
40105,OK,Nowata,2,5
40107,OK,Okfuskee,2,6
40109,OK,Oklahoma,716,606
40111,OK,Okmulgee,22,16
40113,OK,Osage,21,14
40115,OK,Ottawa,15,18
40117,OK,Pawnee,7,8
40119,OK,Payne,63,46
40121,OK,Pittsburg,30,29
40123,OK,Pontotoc,21,24
40125,OK,Pottawatomie,62,30
40127,OK,Pushmataha,4,7
40129,OK,Roger Mills,0,2
40131,OK,Rogers,34,40
40133,OK,Seminole,16,11
40135,OK,Sequoyah,24,20
40137,OK,Stephens,27,27
40139,OK,Texas,8,24
40141,OK,Tillman,4,5
40143,OK,Tulsa,582,483
40145,OK,Wagoner,31,20
40147,OK,Washington,39,36
40149,OK,Washita,2,7
40151,OK,Woods,8,7
40153,OK,Woodward,13,19
41001,OR,Baker,9,22
41003,OR,Benton,59,77
41005,OR,Clackamas,236,307
41007,OR,Clatsop,30,107
41009,OR,Columbia,23,32
41011,OR,Coos,42,65
41013,OR,Crook,9,13
41015,OR,Curry,15,35
41017,OR,Deschutes,134,195
41019,OR,Douglas,68,86
41021,OR,Gilliam,2,5
41023,OR,Grant,5,12
41025,OR,Harney,7,12
41027,OR,Hood River,24,39
41029,OR,Jackson,153,199
41031,OR,Jefferson,11,14
41033,OR,Josephine,46,69
41035,OR,Klamath,36,66
41037,OR,Lake,6,15
41039,OR,Lane,294,323
41041,OR,Lincoln,32,104
41043,OR,Linn,62,81
41045,OR,Malheur,20,31
41047,OR,Marion,225,227
41049,OR,Morrow,1,9
41051,OR,Multnomah,667,1203
41053,OR,Polk,42,46
41055,OR,Sherman,1,3
41057,OR,Tillamook,12,49
41059,OR,Umatilla,40,63
41061,OR,Union,18,21
41063,OR,Wallowa,4,21
41065,OR,Wasco,18,32
41067,OR,Washington,369,436
41069,OR,Wheeler,0,2
41071,OR,Yamhill,47,85
42001,PA,Adams,73,69
42003,PA,Allegheny,997,1059
42005,PA,Armstrong,27,35
42007,PA,Beaver,102,89
42009,PA,Bedford,18,36
42011,PA,Berks,269,282
42013,PA,Blair,94,95
42015,PA,Bradford,30,47
42017,PA,Bucks,472,485
42019,PA,Butler,106,128
42021,PA,Cambria,102,87
42023,PA,Cameron,1,5
42025,PA,Carbon,35,54
42027,PA,Centre,98,109
42029,PA,Chester,337,343
42031,PA,Clarion,23,36
42033,PA,Clearfield,53,68
42035,PA,Clinton,17,27
42037,PA,Columbia,54,58
42039,PA,Crawford,47,71
42041,PA,Cumberland,169,171
42043,PA,Dauphin,219,222
42045,PA,Delaware,418,313
42047,PA,Elk,17,26
42049,PA,Erie,185,191
42051,PA,Fayette,81,90
42053,PA,Forest,2,7
42055,PA,Franklin,99,97
42057,PA,Fulton,5,4
42059,PA,Greene,26,20
42061,PA,Huntingdon,19,24
42063,PA,Indiana,50,53
42065,PA,Jefferson,25,33
42067,PA,Juniata,10,11
42069,PA,Lackawanna,145,233
42071,PA,Lancaster,326,326
42073,PA,Lawrence,50,52
42075,PA,Lebanon,78,66
42077,PA,Lehigh,246,258
42079,PA,Luzerne,207,302
42081,PA,Lycoming,74,106
42083,PA,McKean,28,33
42085,PA,Mercer,72,86
42087,PA,Mifflin,27,33
42089,PA,Monroe,106,146
42091,PA,Montgomery,657,642
42093,PA,Montour,11,14
42095,PA,Northampton,199,254
42097,PA,Northumberland,51,69
42099,PA,Perry,17,24
42101,PA,Philadelphia,1365,1097
42103,PA,Pike,24,40
42105,PA,Potter,5,18
42107,PA,Schuylkill,76,110
42109,PA,Snyder,27,37
42111,PA,Somerset,30,60
42113,PA,Sullivan,4,10
42115,PA,Susquehanna,17,25
42117,PA,Tioga,19,41
42119,PA,Union,23,36
42121,PA,Venango,24,31
42123,PA,Warren,20,27
42125,PA,Washington,135,132
42127,PA,Wayne,22,67
42129,PA,Westmoreland,235,270
42131,PA,Wyoming,10,27
42133,PA,York,300,236
44001,RI,Bristol,28,54
44003,RI,Kent,146,170
44005,RI,Newport,74,131
44007,RI,Providence,470,585
44009,RI,Washington,103,173
45001,SC,Abbeville,9,9
45003,SC,Aiken,110,97
45005,SC,Allendale,2,2
45007,SC,Anderson,151,146
45009,SC,Bamberg,11,4
45011,SC,Barnwell,14,10
45013,SC,Beaufort,105,278
45015,SC,Berkeley,105,79
45017,SC,Calhoun,4,2
45019,SC,Charleston,334,528
45021,SC,Cherokee,38,36
45023,SC,Chester,16,18
45025,SC,Chesterfield,19,28
45027,SC,Clarendon,15,16
45029,SC,Colleton,23,23
45031,SC,Darlington,35,31
45033,SC,Dillon,27,12
45035,SC,Dorchester,75,65
45037,SC,Edgefield,5,12
45039,SC,Fairfield,5,7
45041,SC,Florence,97,103
45043,SC,Georgetown,37,87
45045,SC,Greenville,406,425
45047,SC,Greenwood,60,50
45049,SC,Hampton,12,12
45051,SC,Horry,290,522
45053,SC,Jasper,23,18
45055,SC,Kershaw,41,35
45057,SC,Lancaster,40,43
45059,SC,Laurens,32,31
45061,SC,Lee,9,5
45063,SC,Lexington,220,194
45065,SC,McCormick,3,4
45067,SC,Marion,21,13
45069,SC,Marlboro,10,6
45071,SC,Newberry,21,29
45073,SC,Oconee,43,47
45075,SC,Orangeburg,69,48
45077,SC,Pickens,91,88
45079,SC,Richland,334,273
45081,SC,Saluda,5,8
45083,SC,Spartanburg,209,202
45085,SC,Sumter,58,66
45087,SC,Union,13,17
45089,SC,Williamsburg,10,12
45091,SC,York,154,156
46003,SD,Aurora,2,4
46005,SD,Beadle,10,9
46007,SD,Bennett,1,0
46009,SD,Bon Homme,1,3
46011,SD,Brookings,20,30
46013,SD,Brown,28,29
46015,SD,Brule,5,4
46017,SD,Buffalo,0,0
46019,SD,Butte,6,11
46021,SD,Campbell,1,6
46023,SD,Charles Mix,5,5
46025,SD,Clark,0,2
46027,SD,Clay,8,12
46029,SD,Codington,19,37
46031,SD,Corson,0,2
46033,SD,Custer,4,20
46035,SD,Davison,17,20
46037,SD,Day,4,7
46039,SD,Deuel,2,5
46041,SD,Dewey,0,1
46043,SD,Douglas,0,4
46045,SD,Edmunds,1,5
46047,SD,Fall River,5,10
46049,SD,Faulk,1,5
46051,SD,Grant,7,10
46053,SD,Gregory,0,10
46055,SD,Haakon,1,2
46057,SD,Hamlin,0,0
46059,SD,Hand,1,2
46061,SD,Hanson,0,1
46063,SD,Harding,0,1
46065,SD,Hughes,9,15
46067,SD,Hutchinson,2,5
46069,SD,Hyde,0,0
46071,SD,Jackson,2,3
46073,SD,Jerauld,0,3
46075,SD,Jones,2,4
46077,SD,Kingsbury,1,4
46079,SD,Lake,5,14
46081,SD,Lawrence,23,31
46083,SD,Lincoln,16,20
46085,SD,Lyman,2,2
46087,SD,McCook,1,7
46089,SD,McPherson,0,4
46091,SD,Marshall,2,5
46093,SD,Meade,7,21
46095,SD,Mellette,0,0
46097,SD,Miner,4,2
46099,SD,Minnehaha,153,123
46101,SD,Moody,1,6
46103,SD,Pennington,88,97
46105,SD,Perkins,0,4
46107,SD,Potter,2,4
46109,SD,Roberts,4,7
46111,SD,Sanborn,1,2
46113,SD,Shannon,2,1
46115,SD,Spink,3,3
46117,SD,Stanley,3,4
46119,SD,Sully,0,5
46121,SD,Todd,1,1
46123,SD,Tripp,3,5
46125,SD,Turner,2,11
46127,SD,Union,7,9
46129,SD,Walworth,7,5
46135,SD,Yankton,18,22
46137,SD,Ziebach,1,1
47001,TN,Anderson,64,36
47003,TN,Bedford,24,22
47005,TN,Benton,8,14
47007,TN,Bledsoe,0,2
47009,TN,Blount,64,72
47011,TN,Bradley,74,55
47013,TN,Campbell,27,12
47015,TN,Cannon,7,5
47017,TN,Carroll,12,17
47019,TN,Carter,33,21
47021,TN,Cheatham,19,14
47023,TN,Chester,9,9
47025,TN,Claiborne,14,8
47027,TN,Clay,4,4
47029,TN,Cocke,16,27
47031,TN,Coffee,38,43
47033,TN,Crockett,6,3
47035,TN,Cumberland,34,35
47037,TN,Davidson,625,644
47039,TN,Decatur,4,10
47041,TN,DeKalb,6,10
47043,TN,Dickson,40,34
47045,TN,Dyer,20,18
47047,TN,Fayette,11,18
47049,TN,Fentress,10,5
47051,TN,Franklin,19,25
47053,TN,Gibson,27,27
47055,TN,Giles,19,12
47057,TN,Grainger,4,6
47059,TN,Greene,41,44
47061,TN,Grundy,5,4
47063,TN,Hamblen,52,32
47065,TN,Hamilton,317,302
47067,TN,Hancock,1,2
47069,TN,Hardeman,8,8
47071,TN,Hardin,12,28
47073,TN,Hawkins,24,22
47075,TN,Haywood,10,9
47077,TN,Henderson,18,12
47079,TN,Henry,19,24
47081,TN,Hickman,6,10
47083,TN,Houston,6,7
47085,TN,Humphreys,17,17
47087,TN,Jackson,2,3
47089,TN,Jefferson,28,25
47091,TN,Johnson,6,13
47093,TN,Knox,392,320
47095,TN,Lake,2,5
47097,TN,Lauderdale,8,6
47099,TN,Lawrence,23,20
47101,TN,Lewis,10,4
47103,TN,Lincoln,21,23
47105,TN,Loudon,38,24
47107,TN,McMinn,34,27
47109,TN,McNairy,17,16
47111,TN,Macon,13,8
47113,TN,Madison,82,79
47115,TN,Marion,22,21
47117,TN,Marshall,19,10
47119,TN,Maury,71,53
47121,TN,Meigs,2,7
47123,TN,Monroe,30,28
47125,TN,Montgomery,117,125
47127,TN,Moore,2,4
47129,TN,Morgan,4,2
47131,TN,Obion,18,21
47133,TN,Overton,11,8
47135,TN,Perry,4,3
47137,TN,Pickett,4,5
47139,TN,Polk,5,7
47141,TN,Putnam,61,58
47143,TN,Rhea,20,22
47145,TN,Roane,34,15
47147,TN,Robertson,49,38
47149,TN,Rutherford,202,176
47151,TN,Scott,13,7
47153,TN,Sequatchie,12,5
47155,TN,Sevier,97,155
47157,TN,Shelby,681,561
47159,TN,Smith,9,9
47161,TN,Stewart,6,6
47163,TN,Sullivan,141,116
47165,TN,Sumner,96,98
47167,TN,Tipton,25,27
47169,TN,Trousdale,4,3
47171,TN,Unicoi,10,13
47173,TN,Union,4,4
47175,TN,Van Buren,0,0
47177,TN,Warren,24,19
47179,TN,Washington,102,113
47181,TN,Wayne,4,7
47183,TN,Weakley,23,18
47185,TN,White,18,12
47187,TN,Williamson,160,172
47189,TN,Wilson,91,78
48001,TX,Anderson,24,26
48003,TX,Andrews,10,10
48005,TX,Angelina,64,47
48007,TX,Aransas,17,32
48009,TX,Archer,4,2
48011,TX,Armstrong,2,0
48013,TX,Atascosa,22,24
48015,TX,Austin,15,15
48017,TX,Bailey,4,4
48019,TX,Bandera,7,13
48021,TX,Bastrop,36,42
48023,TX,Baylor,3,4
48025,TX,Bee,16,15
48027,TX,Bell,219,175
48029,TX,Bexar,1300,1283
48031,TX,Blanco,9,10
48033,TX,Borden,0,0
48035,TX,Bosque,10,6
48037,TX,Bowie,93,55
48039,TX,Brazoria,195,185
48041,TX,Brazos,173,126
48043,TX,Brewster,7,11
48045,TX,Briscoe,0,1
48047,TX,Brooks,6,7
48049,TX,Brown,36,26
48051,TX,Burleson,12,12
48053,TX,Burnet,28,51
48055,TX,Caldwell,21,19
48057,TX,Calhoun,14,21
48059,TX,Callahan,9,2
48061,TX,Cameron,240,241
48063,TX,Camp,7,6
48065,TX,Carson,4,1
48067,TX,Cass,17,15
48069,TX,Castro,6,6
48071,TX,Chambers,25,18
48073,TX,Cherokee,26,18
48075,TX,Childress,7,11
48077,TX,Clay,4,2
48079,TX,Cochran,0,1
48081,TX,Coke,0,3
48083,TX,Coleman,6,7
48085,TX,Collin,741,651
48087,TX,Collingsworth,4,1
48089,TX,Colorado,16,14
48091,TX,Comal,84,100
48093,TX,Comanche,6,9
48095,TX,Concho,3,2
48097,TX,Cooke,18,32
48099,TX,Coryell,32,29
48101,TX,Cottle,1,1
48103,TX,Crane,3,3
48105,TX,Crockett,5,5
48107,TX,Crosby,1,1
48109,TX,Culberson,2,3
48111,TX,Dallam,6,7
48113,TX,Dallas,2067,1731
48115,TX,Dawson,13,7
48117,TX,Deaf Smith,11,9
48119,TX,Delta,1,2
48121,TX,Denton,494,441
48123,TX,DeWitt,16,19
48125,TX,Dickens,3,3
48127,TX,Dimmit,6,8
48129,TX,Donley,4,3
48131,TX,Duval,5,4
48133,TX,Eastland,17,13
48135,TX,Ector,108,80
48137,TX,Edwards,1,1
48139,TX,Ellis,97,72
48141,TX,El Paso,570,511
48143,TX,Erath,34,29
48145,TX,Falls,7,6
48147,TX,Fannin,13,15
48149,TX,Fayette,20,27
48151,TX,Fisher,1,2
48153,TX,Floyd,6,5
48155,TX,Foard,2,1
48157,TX,Fort Bend,397,347
48159,TX,Franklin,5,6
48161,TX,Freestone,10,10
48163,TX,Frio,14,8
48165,TX,Gaines,12,12
48167,TX,Galveston,229,219
48169,TX,Garza,5,3
48171,TX,Gillespie,15,47
48173,TX,Glasscock,1,1
48175,TX,Goliad,3,5
48177,TX,Gonzales,14,14
48179,TX,Gray,12,21
48181,TX,Grayson,87,71
48183,TX,Gregg,119,105
48185,TX,Grimes,8,13
48187,TX,Guadalupe,71,55
48189,TX,Hale,19,18
48191,TX,Hall,4,5
48193,TX,Hamilton,7,6
48195,TX,Hansford,4,6
48197,TX,Hardeman,4,4
48199,TX,Hardin,42,20
48201,TX,Harris,3125,2775
48203,TX,Harrison,36,27
48205,TX,Hartley,0,5
48207,TX,Haskell,3,5
48209,TX,Hays,131,115
48211,TX,Hemphill,3,4
48213,TX,Henderson,57,48
48215,TX,Hidalgo,363,381
48217,TX,Hill,21,19
48219,TX,Hockley,16,16
48221,TX,Hood,42,34
48223,TX,Hopkins,14,24
48225,TX,Houston,10,13
48227,TX,Howard,28,29
48229,TX,Hudspeth,0,4
48231,TX,Hunt,53,38
48233,TX,Hutchinson,17,15
48235,TX,Irion,1,2
48237,TX,Jack,6,6
48239,TX,Jackson,10,6
48241,TX,Jasper,23,16
48243,TX,Jeff Davis,1,3
48245,TX,Jefferson,178,137
48247,TX,Jim Hogg,4,2
48249,TX,Jim Wells,31,23
48251,TX,Johnson,104,61
48253,TX,Jones,8,5
48255,TX,Karnes,9,17
48257,TX,Kaufman,70,54
48259,TX,Kendall,27,31
48261,TX,Kenedy,0,0
48263,TX,Kent,0,1
48265,TX,Kerr,39,40
48267,TX,Kimble,4,4
48269,TX,King,0,0
48271,TX,Kinney,1,2
48273,TX,Kleberg,28,23
48275,TX,Knox,1,2
48277,TX,Lamar,35,36
48279,TX,Lamb,6,9
48281,TX,Lampasas,10,17
48283,TX,La Salle,7,4
48285,TX,Lavaca,9,10
48287,TX,Lee,11,12
48289,TX,Leon,10,17
48291,TX,Liberty,40,29
48293,TX,Limestone,11,16
48295,TX,Lipscomb,1,3
48297,TX,Live Oak,9,15
48299,TX,Llano,19,15
48301,TX,Loving,0,0
48303,TX,Lubbock,266,168
48305,TX,Lynn,3,2
48307,TX,McCulloch,8,9
48309,TX,McLennan,196,129
48311,TX,McMullen,0,3
48313,TX,Madison,17,10
48315,TX,Marion,5,7
48317,TX,Martin,1,2
48319,TX,Mason,5,7
48321,TX,Matagorda,23,32
48323,TX,Maverick,30,26
48325,TX,Medina,28,33
48327,TX,Menard,1,2
48329,TX,Midland,117,92
48331,TX,Milam,13,15
48333,TX,Mills,2,5
48335,TX,Mitchell,5,6
48337,TX,Montague,12,11
48339,TX,Montgomery,307,285
48341,TX,Moore,11,18
48343,TX,Morris,9,6
48345,TX,Motley,0,2
48347,TX,Nacogdoches,41,30
48349,TX,Navarro,32,22
48351,TX,Newton,1,1
48353,TX,Nolan,13,14
48355,TX,Nueces,303,281
48357,TX,Ochiltree,4,14
48359,TX,Oldham,3,3
48361,TX,Orange,64,30
48363,TX,Palo Pinto,27,27
48365,TX,Panola,5,8
48367,TX,Parker,84,63
48369,TX,Parmer,1,2
48371,TX,Pecos,8,14
48373,TX,Polk,25,19
48375,TX,Potter,116,110
48377,TX,Presidio,6,7
48379,TX,Rains,7,5
48381,TX,Randall,79,65
48383,TX,Reagan,1,3
48385,TX,Real,2,3
48387,TX,Red River,4,7
48389,TX,Reeves,5,12
48391,TX,Refugio,8,8
48393,TX,Roberts,0,1
48395,TX,Robertson,9,13
48397,TX,Rockwall,70,73
48399,TX,Runnels,5,9
48401,TX,Rusk,30,24
48403,TX,Sabine,3,6
48405,TX,San Augustine,1,2
48407,TX,San Jacinto,4,6
48409,TX,San Patricio,55,34
48411,TX,San Saba,4,9
48413,TX,Schleicher,0,0
48415,TX,Scurry,21,12
48417,TX,Shackelford,2,3
48419,TX,Shelby,10,14
48421,TX,Sherman,1,2
48423,TX,Smith,180,141
48425,TX,Somervell,8,7
48427,TX,Starr,27,24
48429,TX,Stephens,8,9
48431,TX,Sterling,2,0
48433,TX,Stonewall,3,2
48435,TX,Sutton,4,5
48437,TX,Swisher,1,6
48439,TX,Tarrant,1474,1193
48441,TX,Taylor,123,78
48443,TX,Terrell,1,0
48445,TX,Terry,7,8
48447,TX,Throckmorton,0,4
48449,TX,Titus,19,23
48451,TX,Tom Green,80,83
48453,TX,Travis,892,948
48455,TX,Trinity,5,4
48457,TX,Tyler,9,8
48459,TX,Upshur,18,12
48461,TX,Upton,6,3
48463,TX,Uvalde,19,23
48465,TX,Val Verde,31,21
48467,TX,Van Zandt,27,36
48469,TX,Victoria,71,66
48471,TX,Walker,34,35
48473,TX,Waller,21,11
48475,TX,Ward,6,15
48477,TX,Washington,26,29
48479,TX,Webb,176,118
48481,TX,Wharton,32,23
48483,TX,Wheeler,4,15
48485,TX,Wichita,97,97
48487,TX,Wilbarger,13,8
48489,TX,Willacy,8,8
48491,TX,Williamson,321,268
48493,TX,Wilson,20,26
48495,TX,Winkler,3,4
48497,TX,Wise,36,30
48499,TX,Wood,15,30
48501,TX,Yoakum,7,9
48503,TX,Young,18,16
48505,TX,Zapata,6,7
48507,TX,Zavala,3,9
49001,UT,Beaver,11,6
49003,UT,Box Elder,31,18
49005,UT,Cache,88,41
49007,UT,Carbon,14,12
49009,UT,Daggett,0,2
49011,UT,Davis,210,119
49013,UT,Duchesne,12,11
49015,UT,Emery,8,3
49017,UT,Garfield,14,11
49019,UT,Grand,9,29
49021,UT,Iron,34,30
49023,UT,Juab,9,7
49025,UT,Kane,6,16
49027,UT,Millard,12,6
49029,UT,Morgan,4,4
49031,UT,Piute,2,1
49033,UT,Rich,7,2
49035,UT,Salt Lake,906,680
49037,UT,San Juan,6,9
49039,UT,Sanpete,15,9
49041,UT,Sevier,16,12
49043,UT,Summit,39,80
49045,UT,Tooele,29,19
49047,UT,Uintah,20,17
49049,UT,Utah,351,188
49051,UT,Wasatch,22,16
49053,UT,Washington,116,99
49055,UT,Wayne,2,7
49057,UT,Weber,145,131
50001,VT,Addison,17,28
50003,VT,Bennington,30,48
50005,VT,Caledonia,19,27
50007,VT,Chittenden,120,165
50009,VT,Essex,1,5
50011,VT,Franklin,23,38
50013,VT,Grand Isle,1,3
50015,VT,Lamoille,18,47
50017,VT,Orange,9,25
50019,VT,Orleans,12,20
50021,VT,Rutland,44,87
50023,VT,Washington,33,67
50025,VT,Windham,38,71
50027,VT,Windsor,32,79
51001,VA,Accomack,18,36
51003,VA,Albemarle,58,63
51005,VA,Alleghany,7,7
51007,VA,Amelia,4,4
51009,VA,Amherst,16,15
51011,VA,Appomattox,7,7
51013,VA,Arlington,237,244
51015,VA,Augusta,27,25
51017,VA,Bath,1,4
51019,VA,Bedford,20,37
51021,VA,Bland,2,1
51023,VA,Botetourt,19,22
51025,VA,Brunswick,3,5
51027,VA,Buchanan,9,7
51029,VA,Buckingham,2,3
51031,VA,Campbell,42,25
51033,VA,Caroline,8,13
51035,VA,Carroll,12,15
51036,VA,Charles City,0,2
51037,VA,Charlotte,3,5
51041,VA,Chesterfield,236,217
51043,VA,Clarke,6,8
51045,VA,Craig,0,2
51047,VA,Culpeper,28,28
51049,VA,Cumberland,0,3
51051,VA,Dickenson,4,9
51053,VA,Dinwiddie,6,8
51057,VA,Essex,10,11
51059,VA,Fairfax,911,752
51061,VA,Fauquier,55,42
51063,VA,Floyd,4,12
51065,VA,Fluvanna,5,10
51067,VA,Franklin,26,30
51069,VA,Frederick,47,46
51071,VA,Giles,12,11
51073,VA,Gloucester,20,24
51075,VA,Goochland,7,17
51077,VA,Grayson,3,7
51079,VA,Greene,7,10
51081,VA,Greensville,4,1
51083,VA,Halifax,25,23
51085,VA,Hanover,75,74
51087,VA,Henrico,269,273
51089,VA,Henry,31,18
51091,VA,Highland,0,3
51093,VA,Isle of Wight,20,23
51095,VA,James City,31,50
51097,VA,King and Queen,0,2
51099,VA,King George,12,14
51101,VA,King William,7,14
51103,VA,Lancaster,10,14
51105,VA,Lee,7,8
51107,VA,Loudoun,261,250
51109,VA,Louisa,9,13
51111,VA,Lunenburg,2,7
51113,VA,Madison,5,7
51115,VA,Mathews,5,8
51117,VA,Mecklenburg,25,21
51119,VA,Middlesex,7,18
51121,VA,Montgomery,63,79
51125,VA,Nelson,6,10
51127,VA,New Kent,10,14
51131,VA,Northampton,13,9
51133,VA,Northumberland,3,12
51135,VA,Nottoway,13,13
51137,VA,Orange,26,26
51139,VA,Page,17,13
51141,VA,Patrick,6,7
51143,VA,Pittsylvania,15,19
51145,VA,Powhatan,6,16
51147,VA,Prince Edward,15,18
51149,VA,Prince George,17,15
51153,VA,Prince William,283,236
51155,VA,Pulaski,33,13
51157,VA,Rappahannock,2,7
51159,VA,Richmond,2,6
51161,VA,Roanoke,53,64
51163,VA,Rockbridge,9,15
51165,VA,Rockingham,27,36
51167,VA,Russell,15,13
51169,VA,Scott,10,9
51171,VA,Shenandoah,23,26
51173,VA,Smyth,19,18
51175,VA,Southampton,4,5
51177,VA,Spotsylvania,88,76
51179,VA,Stafford,76,70
51181,VA,Surry,1,2
51183,VA,Sussex,6,5
51185,VA,Tazewell,32,23
51187,VA,Warren,23,32
51191,VA,Washington,33,36
51193,VA,Westmoreland,4,18
51195,VA,Wise,26,20
51197,VA,Wythe,22,28
51199,VA,York,50,53
51510,VA,Alexandria,126,160
51515,VA,Bedford,12,13
51520,VA,Bristol,31,30
51530,VA,Buena Vista,4,3
51540,VA,Charlottesville,66,132
51550,VA,Chesapeake,180,184
51570,VA,Colonial Heights,35,33
51580,VA,Covington,10,9
51590,VA,Danville,55,46
51595,VA,Emporia,10,13
51600,VA,Fairfax,86,85
51610,VA,Falls Church,33,53
51620,VA,Franklin,11,13
51630,VA,Fredericksburg,41,82
51640,VA,Galax,16,14
51650,VA,Hampton,111,95
51660,VA,Harrisonburg,53,83
51670,VA,Hopewell,19,14
51678,VA,Lexington,10,13
51680,VA,Lynchburg,81,78
51683,VA,Manassas,50,45
51685,VA,Manassas Park,6,8
51690,VA,Martinsville,23,17
51700,VA,Newport News,153,150
51710,VA,Norfolk,238,220
51720,VA,Norton,12,8
51730,VA,Petersburg,34,25
51735,VA,Poquoson,10,12
51740,VA,Portsmouth,79,60
51750,VA,Radford,10,12
51760,VA,Richmond,177,293
51770,VA,Roanoke,88,128
51775,VA,Salem,30,32
51790,VA,Staunton,24,27
51800,VA,Suffolk,59,48
51810,VA,Virginia Beach,421,507
51820,VA,Waynesboro,27,28
51830,VA,Williamsburg,33,57
51840,VA,Winchester,46,63
53001,WA,Adams,13,9
53003,WA,Asotin,10,15
53005,WA,Benton,113,127
53007,WA,Chelan,53,90
53009,WA,Clallam,39,85
53011,WA,Clark,243,260
53013,WA,Columbia,2,6
53015,WA,Cowlitz,61,64
53017,WA,Douglas,15,20
53019,WA,Ferry,2,5
53021,WA,Franklin,43,35
53023,WA,Garfield,0,2
53025,WA,Grant,57,49
53027,WA,Grays Harbor,41,59
53029,WA,Island,30,60
53031,WA,Jefferson,18,37
53033,WA,King,1720,2301
53035,WA,Kitsap,159,180
53037,WA,Kittitas,48,45
53039,WA,Klickitat,9,18
53041,WA,Lewis,48,57
53043,WA,Lincoln,9,5
53045,WA,Mason,24,35
53047,WA,Okanogan,19,35
53049,WA,Pacific,12,33
53051,WA,Pend Oreille,5,13
53053,WA,Pierce,539,506
53055,WA,San Juan,15,35
53057,WA,Skagit,77,115
53059,WA,Skamania,4,9
53061,WA,Snohomish,533,522
53063,WA,Spokane,341,320
53065,WA,Stevens,26,28
53067,WA,Thurston,167,171
53069,WA,Wahkiakum,2,3
53071,WA,Walla Walla,29,44
53073,WA,Whatcom,124,196
53075,WA,Whitman,41,30
53077,WA,Yakima,137,127
54001,WV,Barbour,7,8
54003,WV,Berkeley,66,49
54005,WV,Boone,7,7
54007,WV,Braxton,8,12
54009,WV,Brooke,16,16
54011,WV,Cabell,110,72
54013,WV,Calhoun,1,4
54015,WV,Clay,1,2
54017,WV,Doddridge,0,3
54019,WV,Fayette,19,27
54021,WV,Gilmer,2,5
54023,WV,Grant,6,11
54025,WV,Greenbrier,29,25
54027,WV,Hampshire,7,12
54029,WV,Hancock,25,21
54031,WV,Hardy,7,14
54033,WV,Harrison,54,54
54035,WV,Jackson,22,15
54037,WV,Jefferson,35,41
54039,WV,Kanawha,190,135
54041,WV,Lewis,18,8
54043,WV,Lincoln,5,10
54045,WV,Logan,20,24
54047,WV,McDowell,8,3
54049,WV,Marion,43,39
54051,WV,Marshall,20,17
54053,WV,Mason,9,8
54055,WV,Mercer,35,27
54057,WV,Mineral,15,14
54059,WV,Mingo,6,15
54061,WV,Monongalia,97,95
54063,WV,Monroe,0,10
54065,WV,Morgan,5,15
54067,WV,Nicholas,14,23
54069,WV,Ohio,45,42
54071,WV,Pendleton,3,3
54073,WV,Pleasants,5,3
54075,WV,Pocahontas,2,11
54077,WV,Preston,10,16
54079,WV,Putnam,59,18
54081,WV,Raleigh,47,45
54083,WV,Randolph,14,27
54085,WV,Ritchie,7,6
54087,WV,Roane,5,3
54089,WV,Summers,5,5
54091,WV,Taylor,9,7
54093,WV,Tucker,6,11
54095,WV,Tyler,3,3
54097,WV,Upshur,14,18
54099,WV,Wayne,17,12
54101,WV,Webster,1,4
54103,WV,Wetzel,15,14
54105,WV,Wirt,0,4
54107,WV,Wood,81,64
54109,WV,Wyoming,6,12
55001,WI,Adams,12,15
55003,WI,Ashland,12,21
55005,WI,Barron,29,44
55007,WI,Bayfield,7,34
55009,WI,Brown,172,217
55011,WI,Buffalo,3,21
55013,WI,Burnett,4,29
55015,WI,Calumet,21,34
55017,WI,Chippewa,35,52
55019,WI,Clark,11,28
55021,WI,Columbia,33,68
55023,WI,Crawford,8,17
55025,WI,Dane,419,441
55027,WI,Dodge,38,53
55029,WI,Door,23,92
55031,WI,Douglas,22,51
55033,WI,Dunn,21,34
55035,WI,Eau Claire,89,79
55037,WI,Florence,2,8
55039,WI,Fond du Lac,59,78
55041,WI,Forest,3,14
55043,WI,Grant,22,42
55045,WI,Green,16,37
55047,WI,Green Lake,5,24
55049,WI,Iowa,10,25
55051,WI,Iron,4,20
55053,WI,Jackson,13,23
55055,WI,Jefferson,42,68
55057,WI,Juneau,8,21
55059,WI,Kenosha,110,124
55061,WI,Kewaunee,8,24
55063,WI,La Crosse,80,104
55065,WI,Lafayette,5,16
55067,WI,Langlade,11,27
55069,WI,Lincoln,15,30
55071,WI,Manitowoc,34,70
55073,WI,Marathon,78,107
55075,WI,Marinette,26,61
55077,WI,Marquette,6,14
55078,WI,Menominee,1,0
55079,WI,Milwaukee,615,630
55081,WI,Monroe,22,32
55083,WI,Oconto,16,47
55085,WI,Oneida,27,65
55087,WI,Outagamie,130,171
55089,WI,Ozaukee,53,73
55091,WI,Pepin,5,11
55093,WI,Pierce,22,33
55095,WI,Polk,25,39
55097,WI,Portage,45,67
55099,WI,Price,5,21
55101,WI,Racine,105,129
55103,WI,Richland,8,13
55105,WI,Rock,104,123
55107,WI,Rusk,6,12
55109,WI,St. Croix,49,70
55111,WI,Sauk,54,83
55113,WI,Sawyer,9,51
55115,WI,Shawano,16,46
55117,WI,Sheboygan,68,100
55119,WI,Taylor,6,17
55121,WI,Trempealeau,14,25
55123,WI,Vernon,11,27
55125,WI,Vilas,16,87
55127,WI,Walworth,70,112
55129,WI,Washburn,5,34
55131,WI,Washington,75,77
55133,WI,Waukesha,258,299
55135,WI,Waupaca,37,49
55137,WI,Waushara,8,32
55139,WI,Winnebago,92,123
55141,WI,Wood,41,66
56001,WY,Albany,27,35
56003,WY,Big Horn,5,7
56005,WY,Campbell,33,31
56007,WY,Carbon,7,26
56009,WY,Converse,8,17
56011,WY,Crook,6,13
56013,WY,Fremont,20,39
56015,WY,Goshen,11,12
56017,WY,Hot Springs,5,8
56019,WY,Johnson,7,8
56021,WY,Laramie,65,53
56023,WY,Lincoln,12,22
56025,WY,Natrona,53,64
56027,WY,Niobrara,3,3
56029,WY,Park,18,40
56031,WY,Platte,5,13
56033,WY,Sheridan,22,30
56035,WY,Sublette,3,12
56037,WY,Sweetwater,33,32
56039,WY,Teton,23,55
56041,WY,Uinta,16,16
56043,WY,Washakie,6,11
56045,WY,Weston,3,11
